year,province,category,value
2014.0,Aceh,amc,0.4080236602712992
2014.0,Aceh,mc,0.08511874930686285
2014.0,Aceh,poor,0.16897504204384522
2014.0,Aceh,uc,0.00020696124034444183
2014.0,Aceh,vulnerable,0.33767558713764834
2014.0,Bali,amc,0.3969604086092517
2014.0,Bali,mc,0.3720275510327571
2014.0,Bali,poor,0.040041762972159944
2014.0,Bali,uc,0.005547460644268999
2014.0,Bali,vulnerable,0.18542281674156216
2014.0,Banten,amc,0.4828944366010848
2014.0,Banten,mc,0.24966116988260706
2014.0,Banten,poor,0.05293560573172632
2014.0,Banten,uc,0.005525696080696532
2014.0,Banten,vulnerable,0.2089830917038855
2014.0,Bengkulu,amc,0.43038553072166313
2014.0,Bengkulu,mc,0.1173943104276758
2014.0,Bengkulu,poor,0.16056152974812904
2014.0,Bengkulu,uc,0.001250392781784878
2014.0,Bengkulu,vulnerable,0.2904082363207472
2014.0,DI Yogyakarta,amc,0.40765288201538624
2014.0,DI Yogyakarta,mc,0.15917866421471022
2014.0,DI Yogyakarta,poor,0.13296027302570423
2014.0,DI Yogyakarta,uc,0.003082020493824181
2014.0,DI Yogyakarta,vulnerable,0.29712616025037514
2014.0,DKI Jakarta,amc,0.4519829381097526
2014.0,DKI Jakarta,mc,0.32624164057288085
2014.0,DKI Jakarta,poor,0.036539702418794145
2014.0,DKI Jakarta,uc,0.013020831179623979
2014.0,DKI Jakarta,vulnerable,0.17221488771894838
2014.0,Gorontalo,amc,0.320679476843643
2014.0,Gorontalo,mc,0.23058621573925797
2014.0,Gorontalo,poor,0.18596025613777373
2014.0,Gorontalo,uc,0.005354073406510651
2014.0,Gorontalo,vulnerable,0.2574199778728145
2014.0,Jambi,amc,0.4976711452252043
2014.0,Jambi,mc,0.13141796059607255
2014.0,Jambi,poor,0.08462767010640618
2014.0,Jambi,uc,0.0013661092594067677
2014.0,Jambi,vulnerable,0.2849171148129102
2014.0,Jawa Barat,amc,0.43972091537732116
2014.0,Jawa Barat,mc,0.20512565850884693
2014.0,Jawa Barat,poor,0.09421146637030695
2014.0,Jawa Barat,uc,0.004632416698080952
2014.0,Jawa Barat,vulnerable,0.256309543045444
2014.0,Jawa Tengah,amc,0.4243331191228541
2014.0,Jawa Tengah,mc,0.1369427961038142
2014.0,Jawa Tengah,poor,0.1396736165455793
2014.0,Jawa Tengah,uc,0.0028212456075158783
2014.0,Jawa Tengah,vulnerable,0.2962292226202365
2014.0,Jawa Timur,amc,0.44282962705382983
2014.0,Jawa Timur,mc,0.14169026682560518
2014.0,Jawa Timur,poor,0.1216819949156274
2014.0,Jawa Timur,uc,0.0044541350037508596
2014.0,Jawa Timur,vulnerable,0.28934397620118674
2014.0,Kalimantan Barat,amc,0.4630334016943653
2014.0,Kalimantan Barat,mc,0.20153579108238281
2014.0,Kalimantan Barat,poor,0.08098048660128342
2014.0,Kalimantan Barat,uc,0.0031978646151633425
2014.0,Kalimantan Barat,vulnerable,0.251252456006805
2014.0,Kalimantan Selatan,amc,0.5633415358924675
2014.0,Kalimantan Selatan,mc,0.2083970917660564
2014.0,Kalimantan Selatan,poor,0.03875665691304088
2014.0,Kalimantan Selatan,uc,0.0030967918767837005
2014.0,Kalimantan Selatan,vulnerable,0.18640792355165167
2014.0,Kalimantan Tengah,amc,0.5163610369578557
2014.0,Kalimantan Tengah,mc,0.21947311529481625
2014.0,Kalimantan Tengah,poor,0.05731662568467206
2014.0,Kalimantan Tengah,uc,0.0027704824289289396
2014.0,Kalimantan Tengah,vulnerable,0.2040787396337269
2014.0,Kalimantan Timur,amc,0.5426645319670813
2014.0,Kalimantan Timur,mc,0.171407568073888
2014.0,Kalimantan Timur,poor,0.06164706849498678
2014.0,Kalimantan Timur,uc,0.0036025229741792376
2014.0,Kalimantan Timur,vulnerable,0.2206783084898647
2014.0,Kep. Bangka Belitung,amc,0.5561865549731588
2014.0,Kep. Bangka Belitung,mc,0.12041686354640413
2014.0,Kep. Bangka Belitung,poor,0.05271101170928636
2014.0,Kep. Bangka Belitung,uc,0.003001023530442879
2014.0,Kep. Bangka Belitung,vulnerable,0.26768454624070764
2014.0,Kep. Riau,amc,0.42374051837772586
2014.0,Kep. Riau,mc,0.28732452842990625
2014.0,Kep. Riau,poor,0.054593396975953404
2014.0,Kep. Riau,uc,0.005538639968425253
2014.0,Kep. Riau,vulnerable,0.22880291624798907
2014.0,Lampung,amc,0.4349398884607444
2014.0,Lampung,mc,0.08664555098179123
2014.0,Lampung,poor,0.140990937519026
2014.0,Lampung,uc,0.0015799279786141993
2014.0,Lampung,vulnerable,0.33584369505982425
2014.0,Maluku,amc,0.4619155530135178
2014.0,Maluku,mc,0.10629710204284298
2014.0,Maluku,poor,0.17563599210561845
2014.0,Maluku,uc,0.0004108462019550239
2014.0,Maluku,vulnerable,0.2557405066360657
2014.0,Maluku Utara,amc,0.5491382300384455
2014.0,Maluku Utara,mc,0.13902294202449794
2014.0,Maluku Utara,poor,0.06848814759309874
2014.0,Maluku Utara,uc,0.0004452954750759234
2014.0,Maluku Utara,vulnerable,0.2429053848688818
2014.0,Nusa Tenggara Barat,amc,0.3856925443376479
2014.0,Nusa Tenggara Barat,mc,0.13453407015045485
2014.0,Nusa Tenggara Barat,poor,0.171944334155266
2014.0,Nusa Tenggara Barat,uc,0.0023660184375829834
2014.0,Nusa Tenggara Barat,vulnerable,0.30546303291904836
2014.0,Nusa Tenggara Timur,amc,0.3725987082505869
2014.0,Nusa Tenggara Timur,mc,0.06528684526902552
2014.0,Nusa Tenggara Timur,poor,0.1991973334943608
2014.0,Nusa Tenggara Timur,uc,0.0012368696205111425
2014.0,Nusa Tenggara Timur,vulnerable,0.36168024336551563
2014.0,Papua,amc,0.33148021808616757
2014.0,Papua,mc,0.13955634431594346
2014.0,Papua,poor,0.2720690070584973
2014.0,Papua,uc,0.0007826365322893515
2014.0,Papua,vulnerable,0.2561117940071022
2014.0,Papua Barat,amc,0.3645837958584928
2014.0,Papua Barat,mc,0.1454830746681458
2014.0,Papua Barat,poor,0.22399744063341726
2014.0,Papua Barat,uc,0.005932140815381396
2014.0,Papua Barat,vulnerable,0.26000354802456255
2014.0,Riau,amc,0.4913351460384855
2014.0,Riau,mc,0.1700720570614058
2014.0,Riau,poor,0.07982107398500835
2014.0,Riau,uc,0.0027486274882439583
2014.0,Riau,vulnerable,0.25602309542685653
2014.0,Sulawesi Barat,amc,0.45447069045231403
2014.0,Sulawesi Barat,mc,0.12099080224748913
2014.0,Sulawesi Barat,poor,0.11566404916993872
2014.0,Sulawesi Barat,uc,0.0032405906837498564
2014.0,Sulawesi Barat,vulnerable,0.30563386744650833
2014.0,Sulawesi Selatan,amc,0.3865928323405812
2014.0,Sulawesi Selatan,mc,0.26622011470944673
2014.0,Sulawesi Selatan,poor,0.09733102916922623
2014.0,Sulawesi Selatan,uc,0.006177913971265078
2014.0,Sulawesi Selatan,vulnerable,0.24367810980948074
2014.0,Sulawesi Tengah,amc,0.4655282340933747
2014.0,Sulawesi Tengah,mc,0.1293080559180605
2014.0,Sulawesi Tengah,poor,0.12441600977099972
2014.0,Sulawesi Tengah,uc,0.001794167174839416
2014.0,Sulawesi Tengah,vulnerable,0.2789535330427257
2014.0,Sulawesi Tenggara,amc,0.39964476774055835
2014.0,Sulawesi Tenggara,mc,0.19937830302735882
2014.0,Sulawesi Tenggara,poor,0.11886040713004072
2014.0,Sulawesi Tenggara,uc,0.0032698640641307263
2014.0,Sulawesi Tenggara,vulnerable,0.27884665803791153
2014.0,Sulawesi Utara,amc,0.3881671353281753
2014.0,Sulawesi Utara,mc,0.26593170847015746
2014.0,Sulawesi Utara,poor,0.08860073608013373
2014.0,Sulawesi Utara,uc,0.00646747040134268
2014.0,Sulawesi Utara,vulnerable,0.2508329497201908
2014.0,Sumatera Barat,amc,0.5319819282248204
2014.0,Sumatera Barat,mc,0.12584796817476665
2014.0,Sumatera Barat,poor,0.0684620723844807
2014.0,Sumatera Barat,uc,0.0009573241390477054
2014.0,Sumatera Barat,vulnerable,0.2727507070768846
2014.0,Sumatera Selatan,amc,0.43441720627588853
2014.0,Sumatera Selatan,mc,0.14546344621854707
2014.0,Sumatera Selatan,poor,0.1370114229140597
2014.0,Sumatera Selatan,uc,0.0025026635020201447
2014.0,Sumatera Selatan,vulnerable,0.2806052610894846
2014.0,Sumatera Utara,amc,0.5342866982130519
2014.0,Sumatera Utara,mc,0.11658265214112339
2014.0,Sumatera Utara,poor,0.08961396665274547
2014.0,Sumatera Utara,uc,0.0011672312503698248
2014.0,Sumatera Utara,vulnerable,0.25834945174270946
2015.0,Aceh,amc,0.4136551906165959
2015.0,Aceh,mc,0.08052453538184158
2015.0,Aceh,poor,0.17076729521292777
2015.0,Aceh,uc,0.0007260700198029806
2015.0,Aceh,vulnerable,0.33432690876883175
2015.0,Bali,amc,0.47995000734921206
2015.0,Bali,mc,0.29751683242202714
2015.0,Bali,poor,0.04743004213703426
2015.0,Bali,uc,0.007437854835549539
2015.0,Bali,vulnerable,0.16766526325617698
2015.0,Banten,amc,0.4996905246504746
2015.0,Banten,mc,0.2250490579669679
2015.0,Banten,poor,0.05904202222196809
2015.0,Banten,uc,0.007260435904039058
2015.0,Banten,vulnerable,0.20895795925655034
2015.0,Bengkulu,amc,0.4117470102954237
2015.0,Bengkulu,mc,0.1169543918372339
2015.0,Bengkulu,poor,0.17882673541138036
2015.0,Bengkulu,uc,0.0024547029624517928
2015.0,Bengkulu,vulnerable,0.29001715949351026
2015.0,DI Yogyakarta,amc,0.42120578381046037
2015.0,DI Yogyakarta,mc,0.2024800225771184
2015.0,DI Yogyakarta,poor,0.14913713553537683
2015.0,DI Yogyakarta,uc,0.007607546331142053
2015.0,DI Yogyakarta,vulnerable,0.21956951174590236
2015.0,DKI Jakarta,amc,0.474473175288529
2015.0,DKI Jakarta,mc,0.2890347771274249
2015.0,DKI Jakarta,poor,0.03934475583276172
2015.0,DKI Jakarta,uc,0.017864960305415213
2015.0,DKI Jakarta,vulnerable,0.17928233144586914
2015.0,Gorontalo,amc,0.41382249962199863
2015.0,Gorontalo,mc,0.17355252959895612
2015.0,Gorontalo,poor,0.18320923318622115
2015.0,Gorontalo,uc,0.005814856542815946
2015.0,Gorontalo,vulnerable,0.22360088105000814
2015.0,Jambi,amc,0.5536488812525197
2015.0,Jambi,mc,0.12579300782006678
2015.0,Jambi,poor,0.08861555944839748
2015.0,Jambi,uc,0.004344756474744761
2015.0,Jambi,vulnerable,0.22759779500427138
2015.0,Jawa Barat,amc,0.4649286087998526
2015.0,Jawa Barat,mc,0.20169549050276123
2015.0,Jawa Barat,poor,0.09534236978011579
2015.0,Jawa Barat,uc,0.012288445300074552
2015.0,Jawa Barat,vulnerable,0.2257450856171959
2015.0,Jawa Tengah,amc,0.45581919947772725
2015.0,Jawa Tengah,mc,0.13527915547051067
2015.0,Jawa Tengah,poor,0.13578186730246047
2015.0,Jawa Tengah,uc,0.0058064230005973145
2015.0,Jawa Tengah,vulnerable,0.26731335474870427
2015.0,Jawa Timur,amc,0.4304604037513161
2015.0,Jawa Timur,mc,0.1880622384438094
2015.0,Jawa Timur,poor,0.12342944766079846
2015.0,Jawa Timur,uc,0.007899197899757689
2015.0,Jawa Timur,vulnerable,0.2501487122443184
2015.0,Kalimantan Barat,amc,0.5231044848651778
2015.0,Kalimantan Barat,mc,0.15655946026879536
2015.0,Kalimantan Barat,poor,0.08031515648926756
2015.0,Kalimantan Barat,uc,0.0022272316129671134
2015.0,Kalimantan Barat,vulnerable,0.2377936667637922
2015.0,Kalimantan Selatan,amc,0.5464917917326116
2015.0,Kalimantan Selatan,mc,0.2015243863155271
2015.0,Kalimantan Selatan,poor,0.049878036054889205
2015.0,Kalimantan Selatan,uc,0.005128182903889881
2015.0,Kalimantan Selatan,vulnerable,0.19697760299308212
2015.0,Kalimantan Tengah,amc,0.5584569253196185
2015.0,Kalimantan Tengah,mc,0.1807261804899095
2015.0,Kalimantan Tengah,poor,0.05934474242336759
2015.0,Kalimantan Tengah,uc,0.00332087345923993
2015.0,Kalimantan Tengah,vulnerable,0.19815127830786444
2015.0,Kalimantan Timur,amc,0.5674790323189133
2015.0,Kalimantan Timur,mc,0.1620115413036773
2015.0,Kalimantan Timur,poor,0.062295905630303586
2015.0,Kalimantan Timur,uc,0.0012554873079921617
2015.0,Kalimantan Timur,vulnerable,0.20695803343911365
2015.0,Kalimantan Utara,amc,0.5631871887034897
2015.0,Kalimantan Utara,mc,0.10658717456308885
2015.0,Kalimantan Utara,poor,0.062324046446204734
2015.0,Kalimantan Utara,uc,0.001670427611750075
2015.0,Kalimantan Utara,vulnerable,0.2662311626754666
2015.0,Kep. Bangka Belitung,amc,0.5990887518985418
2015.0,Kep. Bangka Belitung,mc,0.12092907810911557
2015.0,Kep. Bangka Belitung,poor,0.054015615469509975
2015.0,Kep. Bangka Belitung,uc,0.001467739067016791
2015.0,Kep. Bangka Belitung,vulnerable,0.22449881545581582
2015.0,Kep. Riau,amc,0.482947478251286
2015.0,Kep. Riau,mc,0.2599712056595798
2015.0,Kep. Riau,poor,0.06241161300170206
2015.0,Kep. Riau,uc,0.003495380004461873
2015.0,Kep. Riau,vulnerable,0.19117432308297025
2015.0,Lampung,amc,0.442399330991285
2015.0,Lampung,mc,0.11014027244393547
2015.0,Lampung,poor,0.14347789678556877
2015.0,Lampung,uc,0.0030857927718697872
2015.0,Lampung,vulnerable,0.300896707007341
2015.0,Maluku,amc,0.4153719122957408
2015.0,Maluku,mc,0.09772964608967988
2015.0,Maluku,poor,0.1951390352968046
2015.0,Maluku,uc,0.0007007200400404844
2015.0,Maluku,vulnerable,0.2910586862777343
2015.0,Maluku Utara,amc,0.5934204505880244
2015.0,Maluku Utara,mc,0.13052641593542627
2015.0,Maluku Utara,poor,0.06834169007686683
2015.0,Maluku Utara,uc,0.00018137063942570383
2015.0,Maluku Utara,vulnerable,0.20753007276025676
2015.0,Nusa Tenggara Barat,amc,0.44279874907723094
2015.0,Nusa Tenggara Barat,mc,0.1043304188957909
2015.0,Nusa Tenggara Barat,poor,0.17095912643584574
2015.0,Nusa Tenggara Barat,uc,0.003674021482474366
2015.0,Nusa Tenggara Barat,vulnerable,0.27823768410865807
2015.0,Nusa Tenggara Timur,amc,0.3868462936538946
2015.0,Nusa Tenggara Timur,mc,0.061692595026705974
2015.0,Nusa Tenggara Timur,poor,0.22608048616538792
2015.0,Nusa Tenggara Timur,uc,0.0010534610587062056
2015.0,Nusa Tenggara Timur,vulnerable,0.32432716409530526
2015.0,Papua,amc,0.3483130583016782
2015.0,Papua,mc,0.12936545593203422
2015.0,Papua,poor,0.2816270307626
2015.0,Papua,uc,0.0011441703616900608
2015.0,Papua,vulnerable,0.23955028464199754
2015.0,Papua Barat,amc,0.378338423752842
2015.0,Papua Barat,mc,0.14675824236911272
2015.0,Papua Barat,poor,0.2582738065920531
2015.0,Papua Barat,uc,0.003601228451079845
2015.0,Papua Barat,vulnerable,0.21302829883491228
2015.0,Riau,amc,0.5292104590091344
2015.0,Riau,mc,0.14313862964064497
2015.0,Riau,poor,0.08420287057861106
2015.0,Riau,uc,0.004457486176447895
2015.0,Riau,vulnerable,0.23899055459516158
2015.0,Sulawesi Barat,amc,0.4818583385296289
2015.0,Sulawesi Barat,mc,0.13648069887916214
2015.0,Sulawesi Barat,poor,0.12393536248983862
2015.0,Sulawesi Barat,uc,0.0028896507691663718
2015.0,Sulawesi Barat,vulnerable,0.254835949332204
2015.0,Sulawesi Selatan,amc,0.4519813172832642
2015.0,Sulawesi Selatan,mc,0.22668752183891291
2015.0,Sulawesi Selatan,poor,0.09384130818232989
2015.0,Sulawesi Selatan,uc,0.009218354994828204
2015.0,Sulawesi Selatan,vulnerable,0.2182714977006648
2015.0,Sulawesi Tengah,amc,0.4434461299923267
2015.0,Sulawesi Tengah,mc,0.12716730845872704
2015.0,Sulawesi Tengah,poor,0.146627053432289
2015.0,Sulawesi Tengah,uc,0.004040535818817784
2015.0,Sulawesi Tengah,vulnerable,0.2787189722978395
2015.0,Sulawesi Tenggara,amc,0.4599671919913908
2015.0,Sulawesi Tenggara,mc,0.18089137686941553
2015.0,Sulawesi Tenggara,poor,0.12893957624904462
2015.0,Sulawesi Tenggara,uc,0.004765748496169942
2015.0,Sulawesi Tenggara,vulnerable,0.2254361063939791
2015.0,Sulawesi Utara,amc,0.4809237270598001
2015.0,Sulawesi Utara,mc,0.21358786733507876
2015.0,Sulawesi Utara,poor,0.08644247856538584
2015.0,Sulawesi Utara,uc,0.005468919600166028
2015.0,Sulawesi Utara,vulnerable,0.2135770074395693
2015.0,Sumatera Barat,amc,0.5076670437105761
2015.0,Sumatera Barat,mc,0.12519344763946988
2015.0,Sumatera Barat,poor,0.0730983985379149
2015.0,Sumatera Barat,uc,0.0021491717625324457
2015.0,Sumatera Barat,vulnerable,0.2918919383495066
2015.0,Sumatera Selatan,amc,0.4703984593531406
2015.0,Sumatera Selatan,mc,0.1301645409781281
2015.0,Sumatera Selatan,poor,0.14247241516088385
2015.0,Sumatera Selatan,uc,0.0014013484681137654
2015.0,Sumatera Selatan,vulnerable,0.2555632360397337
2015.0,Sumatera Utara,amc,0.5376084315894525
2015.0,Sumatera Utara,mc,0.10299715692789671
2015.0,Sumatera Utara,poor,0.10529913237480665
2015.0,Sumatera Utara,uc,0.0021301307339080923
2015.0,Sumatera Utara,vulnerable,0.25196514837393613
2016.0,Aceh,amc,0.4375031752363396
2016.0,Aceh,mc,0.08463779158004023
2016.0,Aceh,poor,0.16726284683019527
2016.0,Aceh,uc,0.0006068178876996466
2016.0,Aceh,vulnerable,0.30998936846572533
2016.0,Bali,amc,0.4806317126487449
2016.0,Bali,mc,0.307684717841693
2016.0,Bali,poor,0.04254336684246171
2016.0,Bali,uc,0.0030184869344948044
2016.0,Bali,vulnerable,0.1661217157326056
2016.0,Banten,amc,0.5016671427067709
2016.0,Banten,mc,0.23427932426492437
2016.0,Banten,poor,0.05420693018530345
2016.0,Banten,uc,0.005839068534130013
2016.0,Banten,vulnerable,0.20400753430887117
2016.0,Bengkulu,amc,0.416579171943769
2016.0,Bengkulu,mc,0.12207203431656975
2016.0,Bengkulu,poor,0.17319784171172484
2016.0,Bengkulu,uc,0.0008731182067373681
2016.0,Bengkulu,vulnerable,0.2872778338211991
2016.0,DI Yogyakarta,amc,0.3622776875410003
2016.0,DI Yogyakarta,mc,0.2800385238266469
2016.0,DI Yogyakarta,poor,0.13339061410797035
2016.0,DI Yogyakarta,uc,0.006025446636930787
2016.0,DI Yogyakarta,vulnerable,0.21826772788745163
2016.0,DKI Jakarta,amc,0.41229625572781897
2016.0,DKI Jakarta,mc,0.35213510293670597
2016.0,DKI Jakarta,poor,0.03748322438927935
2016.0,DKI Jakarta,uc,0.015447164593429397
2016.0,DKI Jakarta,vulnerable,0.18263825235276648
2016.0,Gorontalo,amc,0.36933942793329344
2016.0,Gorontalo,mc,0.22391196751761633
2016.0,Gorontalo,poor,0.17724441938266394
2016.0,Gorontalo,uc,0.004508219029282384
2016.0,Gorontalo,vulnerable,0.22499596613714404
2016.0,Jambi,amc,0.5440547578359699
2016.0,Jambi,mc,0.14481260396276976
2016.0,Jambi,poor,0.08413179598068192
2016.0,Jambi,uc,0.0011266352873197324
2016.0,Jambi,vulnerable,0.22587420693325858
2016.0,Jawa Barat,amc,0.3895579723092653
2016.0,Jawa Barat,mc,0.2829682694636713
2016.0,Jawa Barat,poor,0.08947725553137932
2016.0,Jawa Barat,uc,0.010564885971564424
2016.0,Jawa Barat,vulnerable,0.22743161672411957
2016.0,Jawa Tengah,amc,0.437608733181037
2016.0,Jawa Tengah,mc,0.16019681514720546
2016.0,Jawa Tengah,poor,0.1327203834046446
2016.0,Jawa Tengah,uc,0.0028982018758464197
2016.0,Jawa Tengah,vulnerable,0.26657586639126646
2016.0,Jawa Timur,amc,0.42467509577866297
2016.0,Jawa Timur,mc,0.1995461824907668
2016.0,Jawa Timur,poor,0.12054103416374888
2016.0,Jawa Timur,uc,0.005640329801982146
2016.0,Jawa Timur,vulnerable,0.24959735776483918
2016.0,Kalimantan Barat,amc,0.5214906287048178
2016.0,Kalimantan Barat,mc,0.1608818523049942
2016.0,Kalimantan Barat,poor,0.07873291414066727
2016.0,Kalimantan Barat,uc,0.001479287422572578
2016.0,Kalimantan Barat,vulnerable,0.2374153174269482
2016.0,Kalimantan Selatan,amc,0.5466251116366213
2016.0,Kalimantan Selatan,mc,0.21203476795152457
2016.0,Kalimantan Selatan,poor,0.04845309656258915
2016.0,Kalimantan Selatan,uc,0.0023706108471389523
2016.0,Kalimantan Selatan,vulnerable,0.19051641300212618
2016.0,Kalimantan Tengah,amc,0.48862728063533656
2016.0,Kalimantan Tengah,mc,0.26344974241908103
2016.0,Kalimantan Tengah,poor,0.05657275133635986
2016.0,Kalimantan Tengah,uc,0.003620565681759886
2016.0,Kalimantan Tengah,vulnerable,0.18772965992746277
2016.0,Kalimantan Timur,amc,0.5662245521227594
2016.0,Kalimantan Timur,mc,0.16573651013509244
2016.0,Kalimantan Timur,poor,0.061140529844371315
2016.0,Kalimantan Timur,uc,0.00204882478408501
2016.0,Kalimantan Timur,vulnerable,0.20484958311369167
2016.0,Kalimantan Utara,amc,0.5263404788984376
2016.0,Kalimantan Utara,mc,0.13844955070724105
2016.0,Kalimantan Utara,poor,0.0622933207788999
2016.0,Kalimantan Utara,uc,0.0012799232314832534
2016.0,Kalimantan Utara,vulnerable,0.2716367263839383
2016.0,Kep. Bangka Belitung,amc,0.600584911807328
2016.0,Kep. Bangka Belitung,mc,0.12508239677016192
2016.0,Kep. Bangka Belitung,poor,0.052174477381868534
2016.0,Kep. Bangka Belitung,uc,0.00029791169734130486
2016.0,Kep. Bangka Belitung,vulnerable,0.22186030234330034
2016.0,Kep. Riau,amc,0.4818245656107201
2016.0,Kep. Riau,mc,0.2667515546043987
2016.0,Kep. Riau,poor,0.059779877166566894
2016.0,Kep. Riau,uc,0.0005531322299521072
2016.0,Kep. Riau,vulnerable,0.19109087038836214
2016.0,Lampung,amc,0.45004852584824934
2016.0,Lampung,mc,0.11395135075960812
2016.0,Lampung,poor,0.14292922447314693
2016.0,Lampung,uc,0.0006660009412430534
2016.0,Lampung,vulnerable,0.29240489797775254
2016.0,Maluku,amc,0.3960730134173241
2016.0,Maluku,mc,0.1208230336135458
2016.0,Maluku,poor,0.19184984202647412
2016.0,Maluku,uc,0.0008079244115499662
2016.0,Maluku,vulnerable,0.29044618653110615
2016.0,Maluku Utara,amc,0.572993886332678
2016.0,Maluku Utara,mc,0.10841957502115133
2016.0,Maluku Utara,poor,0.06328823205128208
2016.0,Maluku Utara,uc,0.0007658495713760237
2016.0,Maluku Utara,vulnerable,0.25453245702351257
2016.0,Nusa Tenggara Barat,amc,0.4202075918034311
2016.0,Nusa Tenggara Barat,mc,0.14104922402021278
2016.0,Nusa Tenggara Barat,poor,0.16481238014157512
2016.0,Nusa Tenggara Barat,uc,0.0011308453005075805
2016.0,Nusa Tenggara Barat,vulnerable,0.2727999587342734
2016.0,Nusa Tenggara Timur,amc,0.39119442064044263
2016.0,Nusa Tenggara Timur,mc,0.06479432449365843
2016.0,Nusa Tenggara Timur,poor,0.221883492258429
2016.0,Nusa Tenggara Timur,uc,0.0003413799432940013
2016.0,Nusa Tenggara Timur,vulnerable,0.32178638266417603
2016.0,Papua,amc,0.4243816450925176
2016.0,Papua,mc,0.1568593492438327
2016.0,Papua,poor,0.285429257237926
2016.0,Papua,uc,0.00021393231495671998
2016.0,Papua,vulnerable,0.133115816110767
2016.0,Papua Barat,amc,0.47378221213755656
2016.0,Papua Barat,mc,0.11742309864788011
2016.0,Papua Barat,poor,0.2543251512302065
2016.0,Papua Barat,uc,0.00036556336243675515
2016.0,Papua Barat,vulnerable,0.1541039746219202
2016.0,Riau,amc,0.5169702188541395
2016.0,Riau,mc,0.17186249190938163
2016.0,Riau,poor,0.07976554444437094
2016.0,Riau,uc,0.0012084133595574927
2016.0,Riau,vulnerable,0.23019333143255052
2016.0,Sulawesi Barat,amc,0.4676048744928419
2016.0,Sulawesi Barat,mc,0.15520370476494552
2016.0,Sulawesi Barat,poor,0.11744990279019867
2016.0,Sulawesi Barat,uc,0.0023146178143149164
2016.0,Sulawesi Barat,vulnerable,0.2574269001376989
2016.0,Sulawesi Selatan,amc,0.4015825954706852
2016.0,Sulawesi Selatan,mc,0.2808640742481695
2016.0,Sulawesi Selatan,poor,0.09400647685241693
2016.0,Sulawesi Selatan,uc,0.009323828564219238
2016.0,Sulawesi Selatan,vulnerable,0.21422302486450903
2016.0,Sulawesi Tengah,amc,0.4393395408895577
2016.0,Sulawesi Tengah,mc,0.14253327204595714
2016.0,Sulawesi Tengah,poor,0.1444898231536905
2016.0,Sulawesi Tengah,uc,0.0008294740852874669
2016.0,Sulawesi Tengah,vulnerable,0.27280788982550724
2016.0,Sulawesi Tenggara,amc,0.3558993362327468
2016.0,Sulawesi Tenggara,mc,0.284230549891628
2016.0,Sulawesi Tenggara,poor,0.128784888585143
2016.0,Sulawesi Tenggara,uc,0.00505509463367428
2016.0,Sulawesi Tenggara,vulnerable,0.22603013065680783
2016.0,Sulawesi Utara,amc,0.39837692453718115
2016.0,Sulawesi Utara,mc,0.30019761373328313
2016.0,Sulawesi Utara,poor,0.08343924469249836
2016.0,Sulawesi Utara,uc,0.005630981075463807
2016.0,Sulawesi Utara,vulnerable,0.21235523596157352
2016.0,Sumatera Barat,amc,0.5113349494726674
2016.0,Sumatera Barat,mc,0.12895349595799493
2016.0,Sumatera Barat,poor,0.07085804663959011
2016.0,Sumatera Barat,uc,0.0011445629279956604
2016.0,Sumatera Barat,vulnerable,0.28770894500175187
2016.0,Sumatera Selatan,amc,0.4798725498165639
2016.0,Sumatera Selatan,mc,0.1443705830490349
2016.0,Sumatera Selatan,poor,0.13538740435625582
2016.0,Sumatera Selatan,uc,0.0011783531594053906
2016.0,Sumatera Selatan,vulnerable,0.2391911096187399
2016.0,Sumatera Utara,amc,0.5525827667423817
2016.0,Sumatera Utara,mc,0.1056152176820192
2016.0,Sumatera Utara,poor,0.10354156081572016
2016.0,Sumatera Utara,uc,0.0008085715213678985
2016.0,Sumatera Utara,vulnerable,0.23745188323851094
2017.0,Aceh,amc,0.45538268202043647
2017.0,Aceh,mc,0.11111567159783026
2017.0,Aceh,poor,0.16891417948042622
2017.0,Aceh,uc,0.0007806307103080069
2017.0,Aceh,vulnerable,0.263806836190999
2017.0,Bali,amc,0.44729079897122614
2017.0,Bali,mc,0.37594895231556424
2017.0,Bali,poor,0.04253432505379919
2017.0,Bali,uc,0.006940595072239267
2017.0,Bali,vulnerable,0.12728532858717118
2017.0,Banten,amc,0.479001304368271
2017.0,Banten,mc,0.2907517933080223
2017.0,Banten,poor,0.05449782059973313
2017.0,Banten,uc,0.005335274395495877
2017.0,Banten,vulnerable,0.17041380732847763
2017.0,Bengkulu,amc,0.44995722529627535
2017.0,Bengkulu,mc,0.12648167227488608
2017.0,Bengkulu,poor,0.16450415543039246
2017.0,Bengkulu,uc,0.0009972837254488092
2017.0,Bengkulu,vulnerable,0.2580596632729972
2017.0,DI Yogyakarta,amc,0.3733622518744692
2017.0,DI Yogyakarta,mc,0.26670066622482413
2017.0,DI Yogyakarta,poor,0.13021211661778878
2017.0,DI Yogyakarta,uc,0.005020046973626173
2017.0,DI Yogyakarta,vulnerable,0.22470491830929154
2017.0,DKI Jakarta,amc,0.44256085663797395
2017.0,DKI Jakarta,mc,0.34611399255387143
2017.0,DKI Jakarta,poor,0.03765129260354041
2017.0,DKI Jakarta,uc,0.008664837845779738
2017.0,DKI Jakarta,vulnerable,0.16500902035883439
2017.0,Gorontalo,amc,0.37681607751447616
2017.0,Gorontalo,mc,0.2754697724457982
2017.0,Gorontalo,poor,0.17646715048790565
2017.0,Gorontalo,uc,0.008281268816638307
2017.0,Gorontalo,vulnerable,0.1629657307351816
2017.0,Jambi,amc,0.5483516792328701
2017.0,Jambi,mc,0.16381294014500405
2017.0,Jambi,poor,0.0818504309421807
2017.0,Jambi,uc,0.0018912186774145618
2017.0,Jambi,vulnerable,0.20409373100253062
2017.0,Jawa Barat,amc,0.43045810726372663
2017.0,Jawa Barat,mc,0.2955554782026028
2017.0,Jawa Barat,poor,0.08707374305908587
2017.0,Jawa Barat,uc,0.006486283151540495
2017.0,Jawa Barat,vulnerable,0.1804263883230442
2017.0,Jawa Tengah,amc,0.45032153868216457
2017.0,Jawa Tengah,mc,0.1888146093066848
2017.0,Jawa Tengah,poor,0.13014512969115827
2017.0,Jawa Tengah,uc,0.0025042829021996917
2017.0,Jawa Tengah,vulnerable,0.2282144394177928
2017.0,Jawa Timur,amc,0.4588454292599869
2017.0,Jawa Timur,mc,0.20355660794870606
2017.0,Jawa Timur,poor,0.11766519991079631
2017.0,Jawa Timur,uc,0.006129915705393146
2017.0,Jawa Timur,vulnerable,0.2138028471751175
2017.0,Kalimantan Barat,amc,0.5339523249519347
2017.0,Kalimantan Barat,mc,0.16546567930996062
2017.0,Kalimantan Barat,poor,0.07882987892835827
2017.0,Kalimantan Barat,uc,0.0007917924951605311
2017.0,Kalimantan Barat,vulnerable,0.2209603243145859
2017.0,Kalimantan Selatan,amc,0.5350589209537685
2017.0,Kalimantan Selatan,mc,0.23368464123634095
2017.0,Kalimantan Selatan,poor,0.04725548363199794
2017.0,Kalimantan Selatan,uc,0.0034586376209553896
2017.0,Kalimantan Selatan,vulnerable,0.18054231655693725
2017.0,Kalimantan Tengah,amc,0.5161913727012644
2017.0,Kalimantan Tengah,mc,0.23868353517315033
2017.0,Kalimantan Tengah,poor,0.05370106213163624
2017.0,Kalimantan Tengah,uc,0.0034071443917718575
2017.0,Kalimantan Tengah,vulnerable,0.18801688560217714
2017.0,Kalimantan Timur,amc,0.5089478919784367
2017.0,Kalimantan Timur,mc,0.21707462612481002
2017.0,Kalimantan Timur,poor,0.061900480132877134
2017.0,Kalimantan Timur,uc,0.0021366197661549383
2017.0,Kalimantan Timur,vulnerable,0.2099403819977212
2017.0,Kalimantan Utara,amc,0.5876026126213248
2017.0,Kalimantan Utara,mc,0.12844014615503085
2017.0,Kalimantan Utara,poor,0.07224018334535988
2017.0,Kalimantan Utara,uc,0.00029223393394528345
2017.0,Kalimantan Utara,vulnerable,0.21142482394433906
2017.0,Kep. Bangka Belitung,amc,0.612413885359528
2017.0,Kep. Bangka Belitung,mc,0.11921613844111888
2017.0,Kep. Bangka Belitung,poor,0.05204354533045181
2017.0,Kep. Bangka Belitung,uc,0.0011752254389069627
2017.0,Kep. Bangka Belitung,vulnerable,0.21515120542999425
2017.0,Kep. Riau,amc,0.4795636532560708
2017.0,Kep. Riau,mc,0.3110731792843674
2017.0,Kep. Riau,poor,0.060596529403607456
2017.0,Kep. Riau,uc,0.0007166775351900255
2017.0,Kep. Riau,vulnerable,0.14804996052076436
2017.0,Lampung,amc,0.4896975009391349
2017.0,Lampung,mc,0.12062999448529932
2017.0,Lampung,poor,0.13687457691362967
2017.0,Lampung,uc,0.0013303792697467376
2017.0,Lampung,vulnerable,0.2514675483921893
2017.0,Maluku,amc,0.446768462387839
2017.0,Maluku,mc,0.11252792279997478
2017.0,Maluku,poor,0.18448352923421907
2017.0,Maluku,uc,0.0007012349798810488
2017.0,Maluku,vulnerable,0.2555188505980861
2017.0,Maluku Utara,amc,0.5404629107730082
2017.0,Maluku Utara,mc,0.1474057322620652
2017.0,Maluku Utara,poor,0.06354238457247632
2017.0,Maluku Utara,uc,0.000993434135979806
2017.0,Maluku Utara,vulnerable,0.24759553825647046
2017.0,Nusa Tenggara Barat,amc,0.4466437020698355
2017.0,Nusa Tenggara Barat,mc,0.1633986358817719
2017.0,Nusa Tenggara Barat,poor,0.16066171460654027
2017.0,Nusa Tenggara Barat,uc,0.0017553154591922404
2017.0,Nusa Tenggara Barat,vulnerable,0.22754063198265992
2017.0,Nusa Tenggara Timur,amc,0.41499977466516985
2017.0,Nusa Tenggara Timur,mc,0.09184408932658839
2017.0,Nusa Tenggara Timur,poor,0.21852289593040747
2017.0,Nusa Tenggara Timur,uc,0.0008688419455258894
2017.0,Nusa Tenggara Timur,vulnerable,0.2737643981323085
2017.0,Papua,amc,0.3990850994464702
2017.0,Papua,mc,0.19411177406827482
2017.0,Papua,poor,0.2761538203092346
2017.0,Papua,uc,0.000814389325172217
2017.0,Papua,vulnerable,0.129834916850848
2017.0,Papua Barat,amc,0.42148813983172856
2017.0,Papua Barat,mc,0.1567535518696119
2017.0,Papua Barat,poor,0.25102098990204674
2017.0,Papua Barat,uc,0.0022217599696998033
2017.0,Papua Barat,vulnerable,0.16851555842691301
2017.0,Riau,amc,0.5417611011998775
2017.0,Riau,mc,0.16438487420933293
2017.0,Riau,poor,0.07775611516628907
2017.0,Riau,uc,0.0011582329624701157
2017.0,Riau,vulnerable,0.21493967646203047
2017.0,Sulawesi Barat,amc,0.48072295298717593
2017.0,Sulawesi Barat,mc,0.14908914951897143
2017.0,Sulawesi Barat,poor,0.11304372898159905
2017.0,Sulawesi Barat,uc,0.0022073390420957943
2017.0,Sulawesi Barat,vulnerable,0.2549368294701579
2017.0,Sulawesi Selatan,amc,0.4087913176742745
2017.0,Sulawesi Selatan,mc,0.31838762917046104
2017.0,Sulawesi Selatan,poor,0.09378755588296046
2017.0,Sulawesi Selatan,uc,0.005215360058539478
2017.0,Sulawesi Selatan,vulnerable,0.17381813721376466
2017.0,Sulawesi Tengah,amc,0.4727546587382155
2017.0,Sulawesi Tengah,mc,0.150755984583916
2017.0,Sulawesi Tengah,poor,0.1414039637876738
2017.0,Sulawesi Tengah,uc,0.0008271388778232708
2017.0,Sulawesi Tengah,vulnerable,0.23425825401237146
2017.0,Sulawesi Tenggara,amc,0.4063333400459033
2017.0,Sulawesi Tenggara,mc,0.2884292281455876
2017.0,Sulawesi Tenggara,poor,0.1281015455645983
2017.0,Sulawesi Tenggara,uc,0.003675245390225422
2017.0,Sulawesi Tenggara,vulnerable,0.1734606408536852
2017.0,Sulawesi Utara,amc,0.4196963856712899
2017.0,Sulawesi Utara,mc,0.3282575259810953
2017.0,Sulawesi Utara,poor,0.08100880979450055
2017.0,Sulawesi Utara,uc,0.004673052147608089
2017.0,Sulawesi Utara,vulnerable,0.16636422640550624
2017.0,Sumatera Barat,amc,0.5392079343582445
2017.0,Sumatera Barat,mc,0.13587477061210454
2017.0,Sumatera Barat,poor,0.06869905696912781
2017.0,Sumatera Barat,uc,0.0012259781947816962
2017.0,Sumatera Barat,vulnerable,0.2549922598657416
2017.0,Sumatera Selatan,amc,0.4349368364236834
2017.0,Sumatera Selatan,mc,0.20163436506340768
2017.0,Sumatera Selatan,poor,0.13190172414217743
2017.0,Sumatera Selatan,uc,0.0010219166775908748
2017.0,Sumatera Selatan,vulnerable,0.23050515769314056
2017.0,Sumatera Utara,amc,0.5236025841943971
2017.0,Sumatera Utara,mc,0.11940016006997901
2017.0,Sumatera Utara,poor,0.10222538615186212
2017.0,Sumatera Utara,uc,0.0007212500242184003
2017.0,Sumatera Utara,vulnerable,0.25405061955954344
2018.0,Aceh,amc,0.46703770936212685
2018.0,Aceh,mc,0.109691712533963
2018.0,Aceh,poor,0.15965260050586852
2018.0,Aceh,uc,0.0005418815436739047
2018.0,Aceh,vulnerable,0.2630760960543677
2018.0,Bali,amc,0.4631001918807587
2018.0,Bali,mc,0.3606144501205732
2018.0,Bali,poor,0.04012465231062971
2018.0,Bali,uc,0.00592805165861466
2018.0,Bali,vulnerable,0.13023265402942397
2018.0,Banten,amc,0.4852456734650958
2018.0,Banten,mc,0.2868518519708915
2018.0,Banten,poor,0.05236825477973632
2018.0,Banten,uc,0.004509365676158055
2018.0,Banten,vulnerable,0.17102485410811835
2018.0,Bengkulu,amc,0.44193798771242243
2018.0,Bengkulu,mc,0.1437985583697893
2018.0,Bengkulu,poor,0.1543013119452556
2018.0,Bengkulu,uc,0.0014398382638980394
2018.0,Bengkulu,vulnerable,0.25852230370863466
2018.0,DI Yogyakarta,amc,0.4084493151219561
2018.0,DI Yogyakarta,mc,0.26109816359199595
2018.0,DI Yogyakarta,poor,0.12131303466763226
2018.0,DI Yogyakarta,uc,0.00924201106377502
2018.0,DI Yogyakarta,vulnerable,0.1998974755546408
2018.0,DKI Jakarta,amc,0.47469738350094043
2018.0,DKI Jakarta,mc,0.313171654474847
2018.0,DKI Jakarta,poor,0.03572490832086426
2018.0,DKI Jakarta,uc,0.008104837526781103
2018.0,DKI Jakarta,vulnerable,0.1683012161765672
2018.0,Gorontalo,amc,0.38733611504562493
2018.0,Gorontalo,mc,0.2671743783337928
2018.0,Gorontalo,poor,0.1680697430472043
2018.0,Gorontalo,uc,0.0035611471036592237
2018.0,Gorontalo,vulnerable,0.17385861646971879
2018.0,Jambi,amc,0.5177974769603765
2018.0,Jambi,mc,0.16661833724740382
2018.0,Jambi,poor,0.0792075395724764
2018.0,Jambi,uc,0.0013144668222946417
2018.0,Jambi,vulnerable,0.23506217939744878
2018.0,Jawa Barat,amc,0.4452043920375329
2018.0,Jawa Barat,mc,0.30356671175248706
2018.0,Jawa Barat,poor,0.07451911958486619
2018.0,Jawa Barat,uc,0.007148105627321175
2018.0,Jawa Barat,vulnerable,0.1695616709977925
2018.0,Jawa Tengah,amc,0.4679723446819239
2018.0,Jawa Tengah,mc,0.2057358008536518
2018.0,Jawa Tengah,poor,0.11318359627555494
2018.0,Jawa Tengah,uc,0.004011780931327034
2018.0,Jawa Tengah,vulnerable,0.20909647725754216
2018.0,Jawa Timur,amc,0.4608386027936266
2018.0,Jawa Timur,mc,0.21113471680505363
2018.0,Jawa Timur,poor,0.1098278564165405
2018.0,Jawa Timur,uc,0.004054964094389281
2018.0,Jawa Timur,vulnerable,0.21414385989038992
2018.0,Kalimantan Barat,amc,0.5429766504970744
2018.0,Kalimantan Barat,mc,0.16407457043502552
2018.0,Kalimantan Barat,poor,0.07765925656844051
2018.0,Kalimantan Barat,uc,0.0024026570737673463
2018.0,Kalimantan Barat,vulnerable,0.2128868654256922
2018.0,Kalimantan Selatan,amc,0.5565123659720814
2018.0,Kalimantan Selatan,mc,0.22842099927473866
2018.0,Kalimantan Selatan,poor,0.04536537831669087
2018.0,Kalimantan Selatan,uc,0.0024687202188753248
2018.0,Kalimantan Selatan,vulnerable,0.16723253621761375
2018.0,Kalimantan Tengah,amc,0.5270571616047139
2018.0,Kalimantan Tengah,mc,0.2609755266019543
2018.0,Kalimantan Tengah,poor,0.0517418899390885
2018.0,Kalimantan Tengah,uc,0.0038564316199139687
2018.0,Kalimantan Tengah,vulnerable,0.1563689902343293
2018.0,Kalimantan Timur,amc,0.5276579138987528
2018.0,Kalimantan Timur,mc,0.2093798341411479
2018.0,Kalimantan Timur,poor,0.06029556183257701
2018.0,Kalimantan Timur,uc,0.0037000411141843827
2018.0,Kalimantan Timur,vulnerable,0.19896664901333783
2018.0,Kalimantan Utara,amc,0.5520815615334032
2018.0,Kalimantan Utara,mc,0.16207769211786383
2018.0,Kalimantan Utara,poor,0.07091808770425226
2018.0,Kalimantan Utara,uc,0.0003086445972605124
2018.0,Kalimantan Utara,vulnerable,0.2146140140472203
2018.0,Kep. Bangka Belitung,amc,0.579387254668694
2018.0,Kep. Bangka Belitung,mc,0.11717076816750044
2018.0,Kep. Bangka Belitung,poor,0.05250284597536791
2018.0,Kep. Bangka Belitung,vulnerable,0.2509391311884377
2018.0,Kep. Riau,amc,0.508007954831223
2018.0,Kep. Riau,mc,0.25675000959230354
2018.0,Kep. Riau,poor,0.06202507125236875
2018.0,Kep. Riau,uc,0.0006139729629361007
2018.0,Kep. Riau,vulnerable,0.1726029913611687
2018.0,Lampung,amc,0.4763104467017369
2018.0,Lampung,mc,0.1304314849853809
2018.0,Lampung,poor,0.1313796284884196
2018.0,Lampung,uc,0.0017935191770146732
2018.0,Lampung,vulnerable,0.2600849206474477
2018.0,Maluku,amc,0.4762719274649277
2018.0,Maluku,mc,0.10892220678324177
2018.0,Maluku,poor,0.18119810968120947
2018.0,Maluku,uc,0.0012243386061862188
2018.0,Maluku,vulnerable,0.23238341746443483
2018.0,Maluku Utara,amc,0.5346804351592208
2018.0,Maluku Utara,mc,0.15513893116740848
2018.0,Maluku Utara,poor,0.06640319300590362
2018.0,Maluku Utara,uc,0.002482128242048237
2018.0,Maluku Utara,vulnerable,0.24129531242541863
2018.0,Nusa Tenggara Barat,amc,0.43995328855056937
2018.0,Nusa Tenggara Barat,mc,0.2023788787345543
2018.0,Nusa Tenggara Barat,poor,0.14751773183581463
2018.0,Nusa Tenggara Barat,uc,0.0022517255463570386
2018.0,Nusa Tenggara Barat,vulnerable,0.2078983753327047
2018.0,Nusa Tenggara Timur,amc,0.41964863490829446
2018.0,Nusa Tenggara Timur,mc,0.09194669957477637
2018.0,Nusa Tenggara Timur,poor,0.21347500157768942
2018.0,Nusa Tenggara Timur,uc,0.0006328288483022038
2018.0,Nusa Tenggara Timur,vulnerable,0.27429683509093766
2018.0,Papua,amc,0.41105037114715126
2018.0,Papua,mc,0.16859305027047122
2018.0,Papua,poor,0.27738578994984675
2018.0,Papua,uc,0.0009800184968702615
2018.0,Papua,vulnerable,0.14199077013566055
2018.0,Papua Barat,amc,0.40856218823999363
2018.0,Papua Barat,mc,0.19908225784737357
2018.0,Papua Barat,poor,0.2301425205363857
2018.0,Papua Barat,uc,0.002284352227027207
2018.0,Papua Barat,vulnerable,0.15992868114921993
2018.0,Riau,amc,0.5472495407783101
2018.0,Riau,mc,0.15405493123197064
2018.0,Riau,poor,0.07386169574735489
2018.0,Riau,uc,0.002714907092439129
2018.0,Riau,vulnerable,0.22211892514992523
2018.0,Sulawesi Barat,amc,0.4754905261494283
2018.0,Sulawesi Barat,mc,0.1823110320975806
2018.0,Sulawesi Barat,poor,0.1124828260453132
2018.0,Sulawesi Barat,uc,0.0022775471066198228
2018.0,Sulawesi Barat,vulnerable,0.2274380686010581
2018.0,Sulawesi Selatan,amc,0.42292170996481965
2018.0,Sulawesi Selatan,mc,0.32469211390420605
2018.0,Sulawesi Selatan,poor,0.09057131616559992
2018.0,Sulawesi Selatan,uc,0.006547990003506135
2018.0,Sulawesi Selatan,vulnerable,0.15526686996186836
2018.0,Sulawesi Tengah,amc,0.4747860334957647
2018.0,Sulawesi Tengah,mc,0.14097293165744848
2018.0,Sulawesi Tengah,poor,0.14010010402487091
2018.0,Sulawesi Tengah,uc,0.0011150801716876735
2018.0,Sulawesi Tengah,vulnerable,0.24302585065022822
2018.0,Sulawesi Tenggara,amc,0.41536156545638375
2018.0,Sulawesi Tenggara,mc,0.3029720063020024
2018.0,Sulawesi Tenggara,poor,0.11629310264754508
2018.0,Sulawesi Tenggara,uc,0.005682502458204711
2018.0,Sulawesi Tenggara,vulnerable,0.1596908231358642
2018.0,Sulawesi Utara,amc,0.4262037841644558
2018.0,Sulawesi Utara,mc,0.32821451335420976
2018.0,Sulawesi Utara,poor,0.07799372067046088
2018.0,Sulawesi Utara,uc,0.007822432684659708
2018.0,Sulawesi Utara,vulnerable,0.15976554912621393
2018.0,Sumatera Barat,amc,0.5355418839325725
2018.0,Sumatera Barat,mc,0.14994622176798894
2018.0,Sumatera Barat,poor,0.06654378239944672
2018.0,Sumatera Barat,uc,0.0014455153186358023
2018.0,Sumatera Barat,vulnerable,0.2465225965813561
2018.0,Sumatera Selatan,amc,0.4612678919018148
2018.0,Sumatera Selatan,mc,0.17211308233321596
2018.0,Sumatera Selatan,poor,0.12802221811712985
2018.0,Sumatera Selatan,uc,0.0014601006028288205
2018.0,Sumatera Selatan,vulnerable,0.23713670704501072
2018.0,Sumatera Utara,amc,0.5215430785646141
2018.0,Sumatera Utara,mc,0.1410965078701133
2018.0,Sumatera Utara,poor,0.09215971979982669
2018.0,Sumatera Utara,uc,0.001136891568810278
2018.0,Sumatera Utara,vulnerable,0.24406380219663554
2019.0,Aceh,amc,0.45581679370542677
2019.0,Aceh,mc,0.10596389686135392
2019.0,Aceh,poor,0.15319877531243142
2019.0,Aceh,uc,0.0005396828718146642
2019.0,Aceh,vulnerable,0.2844808512489733
2019.0,Bali,amc,0.4710691456287674
2019.0,Bali,mc,0.3551449699272589
2019.0,Bali,poor,0.0378785856297202
2019.0,Bali,uc,0.004011563272996109
2019.0,Bali,vulnerable,0.13189573554125744
2019.0,Banten,amc,0.5023322526545804
2019.0,Banten,mc,0.2784383726549595
2019.0,Banten,poor,0.05086114286032848
2019.0,Banten,uc,0.00232774493369025
2019.0,Banten,vulnerable,0.16604048689644124
2019.0,Bengkulu,amc,0.4536112403376292
2019.0,Bengkulu,mc,0.13057159721569586
2019.0,Bengkulu,poor,0.1523183657083822
2019.0,Bengkulu,uc,0.0011258558925621033
2019.0,Bengkulu,vulnerable,0.2623729408457306
2019.0,DI Yogyakarta,amc,0.39530205323572554
2019.0,DI Yogyakarta,mc,0.2805148525367972
2019.0,DI Yogyakarta,poor,0.11700689735827413
2019.0,DI Yogyakarta,uc,0.006968701950388871
2019.0,DI Yogyakarta,vulnerable,0.20020749491881423
2019.0,DKI Jakarta,amc,0.48534638410088315
2019.0,DKI Jakarta,mc,0.29970769890319227
2019.0,DKI Jakarta,poor,0.03469775796540112
2019.0,DKI Jakarta,uc,0.010336572296279024
2019.0,DKI Jakarta,vulnerable,0.1699115867342444
2019.0,Gorontalo,amc,0.3785725568055363
2019.0,Gorontalo,mc,0.29402219361478843
2019.0,Gorontalo,poor,0.15523901969008239
2019.0,Gorontalo,uc,0.005612542693924881
2019.0,Gorontalo,vulnerable,0.16655368719566807
2019.0,Jambi,amc,0.5329266290099887
2019.0,Jambi,mc,0.14727554984156568
2019.0,Jambi,poor,0.07597040540904554
2019.0,Jambi,uc,0.0012346164611896791
2019.0,Jambi,vulnerable,0.24259279927821045
2019.0,Jawa Barat,amc,0.46014489440515677
2019.0,Jawa Barat,mc,0.2938311278625928
2019.0,Jawa Barat,poor,0.06914792588709091
2019.0,Jawa Barat,uc,0.007483482419488514
2019.0,Jawa Barat,vulnerable,0.1693925694256709
2019.0,Jawa Tengah,amc,0.47743768716337137
2019.0,Jawa Tengah,mc,0.19390184111365916
2019.0,Jawa Tengah,poor,0.10799438865978178
2019.0,Jawa Tengah,uc,0.0034927446960644555
2019.0,Jawa Tengah,vulnerable,0.2171733383671232
2019.0,Jawa Timur,amc,0.4788778970533636
2019.0,Jawa Timur,mc,0.19220752942493408
2019.0,Jawa Timur,poor,0.10371588392412431
2019.0,Jawa Timur,uc,0.0032426347688938105
2019.0,Jawa Timur,vulnerable,0.2219560548286841
2019.0,Kalimantan Barat,amc,0.5409387165235554
2019.0,Kalimantan Barat,mc,0.16133251816881194
2019.0,Kalimantan Barat,poor,0.07490033787204772
2019.0,Kalimantan Barat,uc,0.0012997931756845555
2019.0,Kalimantan Barat,vulnerable,0.22152863425990033
2019.0,Kalimantan Selatan,amc,0.5501707824176856
2019.0,Kalimantan Selatan,mc,0.20684056794695202
2019.0,Kalimantan Selatan,poor,0.045518650067698264
2019.0,Kalimantan Selatan,uc,0.003653679679861232
2019.0,Kalimantan Selatan,vulnerable,0.19381631988780304
2019.0,Kalimantan Tengah,amc,0.5297471785509845
2019.0,Kalimantan Tengah,mc,0.2607059186955428
2019.0,Kalimantan Tengah,poor,0.049829239011965724
2019.0,Kalimantan Tengah,uc,0.003680245393258326
2019.0,Kalimantan Tengah,vulnerable,0.15603741834824858
2019.0,Kalimantan Timur,amc,0.5374052682955126
2019.0,Kalimantan Timur,mc,0.19810280206887326
2019.0,Kalimantan Timur,poor,0.05938684074361087
2019.0,Kalimantan Timur,uc,0.003275315711966022
2019.0,Kalimantan Timur,vulnerable,0.20182977318003717
2019.0,Kalimantan Utara,amc,0.5320724645679371
2019.0,Kalimantan Utara,mc,0.12436792343236708
2019.0,Kalimantan Utara,poor,0.06630353542019456
2019.0,Kalimantan Utara,uc,0.00016784721728600494
2019.0,Kalimantan Utara,vulnerable,0.27708822936221517
2019.0,Kep. Bangka Belitung,amc,0.6084631457820272
2019.0,Kep. Bangka Belitung,mc,0.10520760274112564
2019.0,Kep. Bangka Belitung,poor,0.04615375108336025
2019.0,Kep. Bangka Belitung,uc,0.00024049208610338067
2019.0,Kep. Bangka Belitung,vulnerable,0.23993500830738354
2019.0,Kep. Riau,amc,0.4833680955235012
2019.0,Kep. Riau,mc,0.28899149600616325
2019.0,Kep. Riau,poor,0.05902893115159314
2019.0,Kep. Riau,uc,0.003034068675399519
2019.0,Kep. Riau,vulnerable,0.16557740864334305
2019.0,Lampung,amc,0.49206183123642505
2019.0,Lampung,mc,0.11786666281835617
2019.0,Lampung,poor,0.1262002665917158
2019.0,Lampung,uc,0.0008331830002436444
2019.0,Lampung,vulnerable,0.26303805635325944
2019.0,Maluku,amc,0.4463391137832433
2019.0,Maluku,mc,0.0922040970571776
2019.0,Maluku,poor,0.17693270755745852
2019.0,Maluku,uc,0.0007485292005081381
2019.0,Maluku,vulnerable,0.2837755524016125
2019.0,Maluku Utara,amc,0.5599341598922011
2019.0,Maluku Utara,mc,0.1315380166986727
2019.0,Maluku Utara,poor,0.06767892685673149
2019.0,Maluku Utara,uc,0.0006372728796321535
2019.0,Maluku Utara,vulnerable,0.24021162367276258
2019.0,Nusa Tenggara Barat,amc,0.43625219315864083
2019.0,Nusa Tenggara Barat,mc,0.22874485364753244
2019.0,Nusa Tenggara Barat,poor,0.14555705329524657
2019.0,Nusa Tenggara Barat,uc,0.0028790349213041193
2019.0,Nusa Tenggara Barat,vulnerable,0.1865668649772759
2019.0,Nusa Tenggara Timur,amc,0.4317885159235496
2019.0,Nusa Tenggara Timur,mc,0.09589781316088959
2019.0,Nusa Tenggara Timur,poor,0.21091678538979242
2019.0,Nusa Tenggara Timur,uc,0.0009774511948183217
2019.0,Nusa Tenggara Timur,vulnerable,0.26041943433094994
2019.0,Papua,amc,0.39994652448767615
2019.0,Papua,mc,0.16912478546310522
2019.0,Papua,poor,0.2752899508815336
2019.0,Papua,uc,0.0007287910380508852
2019.0,Papua,vulnerable,0.15490994812963418
2019.0,Papua Barat,amc,0.4395502073221175
2019.0,Papua Barat,mc,0.18027552759008714
2019.0,Papua Barat,poor,0.22168708922524213
2019.0,Papua Barat,uc,0.0014541765234854017
2019.0,Papua Barat,vulnerable,0.1570329993390678
2019.0,Riau,amc,0.5432685553086706
2019.0,Riau,mc,0.14529361923944673
2019.0,Riau,poor,0.07078838826213513
2019.0,Riau,uc,0.0017695508740324017
2019.0,Riau,vulnerable,0.23887988631571525
2019.0,Sulawesi Barat,amc,0.4749765484488232
2019.0,Sulawesi Barat,mc,0.19166675809553957
2019.0,Sulawesi Barat,poor,0.11018352914923173
2019.0,Sulawesi Barat,uc,0.003866891900439575
2019.0,Sulawesi Barat,vulnerable,0.21930627240596617
2019.0,Sulawesi Selatan,amc,0.4566060884452338
2019.0,Sulawesi Selatan,mc,0.2880870559524463
2019.0,Sulawesi Selatan,poor,0.0869396035119286
2019.0,Sulawesi Selatan,uc,0.004565864874013074
2019.0,Sulawesi Selatan,vulnerable,0.16380138721637813
2019.0,Sulawesi Tengah,amc,0.4933798242097254
2019.0,Sulawesi Tengah,mc,0.1346282649449011
2019.0,Sulawesi Tengah,poor,0.134849152545237
2019.0,Sulawesi Tengah,uc,0.001414997323315095
2019.0,Sulawesi Tengah,vulnerable,0.23572776097682127
2019.0,Sulawesi Tenggara,amc,0.4191771435047917
2019.0,Sulawesi Tenggara,mc,0.301532026454978
2019.0,Sulawesi Tenggara,poor,0.11240334960230634
2019.0,Sulawesi Tenggara,uc,0.0036964639767633808
2019.0,Sulawesi Tenggara,vulnerable,0.16319101646116052
2019.0,Sulawesi Utara,amc,0.4568109424454671
2019.0,Sulawesi Utara,mc,0.30527378144609363
2019.0,Sulawesi Utara,poor,0.07663791433277632
2019.0,Sulawesi Utara,uc,0.003374045063529754
2019.0,Sulawesi Utara,vulnerable,0.15790331671213328
2019.0,Sumatera Barat,amc,0.5529236528870803
2019.0,Sumatera Barat,mc,0.13277226408885728
2019.0,Sumatera Barat,poor,0.06417200282590238
2019.0,Sumatera Barat,uc,0.0013139939494433092
2019.0,Sumatera Barat,vulnerable,0.24881808624871646
2019.0,Sumatera Selatan,amc,0.4729042794835734
2019.0,Sumatera Selatan,mc,0.16799767199644589
2019.0,Sumatera Selatan,poor,0.1271378328124443
2019.0,Sumatera Selatan,uc,0.0010253019778260397
2019.0,Sumatera Selatan,vulnerable,0.23093491372971042
2019.0,Sumatera Utara,amc,0.5390564215814014
2019.0,Sumatera Utara,mc,0.12373001561656058
2019.0,Sumatera Utara,poor,0.08826019736108608
2019.0,Sumatera Utara,uc,0.0017464139446015361
2019.0,Sumatera Utara,vulnerable,0.2472069514963503
2020.0,Aceh,amc,0.4642971940368704
2020.0,Aceh,mc,0.09937644687692677
2020.0,Aceh,poor,0.14986368438397182
2020.0,Aceh,uc,0.001446824886677545
2020.0,Aceh,vulnerable,0.2850158498155532
2020.0,Bali,amc,0.45312476601904655
2020.0,Bali,mc,0.37090159471528905
2020.0,Bali,poor,0.03780314388114719
2020.0,Bali,uc,0.003431671332592528
2020.0,Bali,vulnerable,0.13473882405192458
2020.0,Banten,amc,0.521642053290354
2020.0,Banten,mc,0.2512899532248308
2020.0,Banten,poor,0.05922721823536068
2020.0,Banten,uc,0.00383159137323143
2020.0,Banten,vulnerable,0.16400918387622318
2020.0,Bengkulu,amc,0.47746111786925394
2020.0,Bengkulu,mc,0.10882101302980593
2020.0,Bengkulu,poor,0.1503264068161681
2020.0,Bengkulu,uc,0.0011744061962611885
2020.0,Bengkulu,vulnerable,0.26221705608851087
2020.0,DI Yogyakarta,amc,0.39966546806186104
2020.0,DI Yogyakarta,mc,0.2587471169884113
2020.0,DI Yogyakarta,poor,0.12284799589169831
2020.0,DI Yogyakarta,uc,0.005354626992072023
2020.0,DI Yogyakarta,vulnerable,0.21338479206595742
2020.0,DKI Jakarta,amc,0.48523784751083454
2020.0,DKI Jakarta,mc,0.2900513621839396
2020.0,DKI Jakarta,poor,0.045265645098701714
2020.0,DKI Jakarta,uc,0.006810379356676571
2020.0,DKI Jakarta,vulnerable,0.17263476584984758
2020.0,Gorontalo,amc,0.4108233842353973
2020.0,Gorontalo,mc,0.256520857687738
2020.0,Gorontalo,poor,0.15223598029826052
2020.0,Gorontalo,uc,0.003961802547081208
2020.0,Gorontalo,vulnerable,0.1764579752315231
2020.0,Jambi,amc,0.5067405550271085
2020.0,Jambi,mc,0.15225666470681778
2020.0,Jambi,poor,0.07580821747985125
2020.0,Jambi,uc,0.0004041417299390324
2020.0,Jambi,vulnerable,0.2647904210562835
2020.0,Jawa Barat,amc,0.4479080854375758
2020.0,Jawa Barat,mc,0.2880851511041205
2020.0,Jawa Barat,poor,0.07875044882115709
2020.0,Jawa Barat,uc,0.006678185413529471
2020.0,Jawa Barat,vulnerable,0.17857812922361727
2020.0,Jawa Tengah,amc,0.4677042011958198
2020.0,Jawa Tengah,mc,0.19813051715258903
2020.0,Jawa Tengah,poor,0.11411640165938977
2020.0,Jawa Tengah,uc,0.0028061571602547943
2020.0,Jawa Tengah,vulnerable,0.21724272283194673
2020.0,Jawa Timur,amc,0.4695099580786265
2020.0,Jawa Timur,mc,0.19047144501848867
2020.0,Jawa Timur,poor,0.11092297068662378
2020.0,Jawa Timur,uc,0.0025653561464018095
2020.0,Jawa Timur,vulnerable,0.22653027006985937
2020.0,Kalimantan Barat,amc,0.5478590949129949
2020.0,Kalimantan Barat,mc,0.1512496045964481
2020.0,Kalimantan Barat,poor,0.07165935284464676
2020.0,Kalimantan Barat,uc,0.000757161784806363
2020.0,Kalimantan Barat,vulnerable,0.22847478586110392
2020.0,Kalimantan Selatan,amc,0.5515011307389468
2020.0,Kalimantan Selatan,mc,0.19479535898582048
2020.0,Kalimantan Selatan,poor,0.043804254440677225
2020.0,Kalimantan Selatan,uc,0.002139415482100801
2020.0,Kalimantan Selatan,vulnerable,0.20775984035245454
2020.0,Kalimantan Tengah,amc,0.5570689988958007
2020.0,Kalimantan Tengah,mc,0.21199867813228063
2020.0,Kalimantan Tengah,poor,0.04824433126466046
2020.0,Kalimantan Tengah,uc,0.0016422775372160856
2020.0,Kalimantan Tengah,vulnerable,0.18104571417004203
2020.0,Kalimantan Timur,amc,0.5719233717868732
2020.0,Kalimantan Timur,mc,0.1862038619468654
2020.0,Kalimantan Timur,poor,0.06099545617912572
2020.0,Kalimantan Timur,uc,0.0027127662083248354
2020.0,Kalimantan Timur,vulnerable,0.17816454387881067
2020.0,Kalimantan Utara,amc,0.5810759000823933
2020.0,Kalimantan Utara,mc,0.12162296628503305
2020.0,Kalimantan Utara,poor,0.06797553484557754
2020.0,Kalimantan Utara,uc,0.0012046411379998561
2020.0,Kalimantan Utara,vulnerable,0.22812095764899623
2020.0,Kep. Bangka Belitung,amc,0.552703855741471
2020.0,Kep. Bangka Belitung,mc,0.09854888470100664
2020.0,Kep. Bangka Belitung,poor,0.04528416556475835
2020.0,Kep. Bangka Belitung,uc,2.6675036954450216e-05
2020.0,Kep. Bangka Belitung,vulnerable,0.3034364189558097
2020.0,Kep. Riau,amc,0.5208547556829758
2020.0,Kep. Riau,mc,0.25353717032297285
2020.0,Kep. Riau,poor,0.05920531413104605
2020.0,Kep. Riau,uc,0.0010369201480651712
2020.0,Kep. Riau,vulnerable,0.16536583971494004
2020.0,Lampung,amc,0.480691246834407
2020.0,Lampung,mc,0.10221567459436821
2020.0,Lampung,poor,0.12340838437009043
2020.0,Lampung,uc,0.0019334354193695441
2020.0,Lampung,vulnerable,0.29175125878176467
2020.0,Maluku,amc,0.43922497315997133
2020.0,Maluku,mc,0.10185687921013602
2020.0,Maluku,poor,0.17438395589836325
2020.0,Maluku,uc,4.206283199025296e-05
2020.0,Maluku,vulnerable,0.28449212889953934
2020.0,Maluku Utara,amc,0.5616377167461989
2020.0,Maluku Utara,mc,0.1374049067669111
2020.0,Maluku Utara,poor,0.06784688554295709
2020.0,Maluku Utara,uc,0.0007238189153597354
2020.0,Maluku Utara,vulnerable,0.23238667202857316
2020.0,Nusa Tenggara Barat,amc,0.4241413421940914
2020.0,Nusa Tenggara Barat,mc,0.240831387503601
2020.0,Nusa Tenggara Barat,poor,0.13965551622166666
2020.0,Nusa Tenggara Barat,uc,0.0018030707540105594
2020.0,Nusa Tenggara Barat,vulnerable,0.19356868332663044
2020.0,Nusa Tenggara Timur,amc,0.4220989540688698
2020.0,Nusa Tenggara Timur,mc,0.08719263636648356
2020.0,Nusa Tenggara Timur,poor,0.2090147304665146
2020.0,Nusa Tenggara Timur,uc,0.0007873346906612164
2020.0,Nusa Tenggara Timur,vulnerable,0.2809063444074707
2020.0,Papua,amc,0.4178138744286226
2020.0,Papua,mc,0.1771431964876518
2020.0,Papua,poor,0.26637868675719434
2020.0,Papua,uc,0.0005086366390482557
2020.0,Papua,vulnerable,0.138155605687483
2020.0,Papua Barat,amc,0.42890266318748776
2020.0,Papua Barat,mc,0.1660940568684323
2020.0,Papua Barat,poor,0.21365552911075122
2020.0,Papua Barat,uc,0.0009539706701280187
2020.0,Papua Barat,vulnerable,0.19039378016320074
2020.0,Riau,amc,0.5709740953254197
2020.0,Riau,mc,0.14182801370489684
2020.0,Riau,poor,0.06819006380164713
2020.0,Riau,uc,0.0021776836033286233
2020.0,Riau,vulnerable,0.2168301435647077
2020.0,Sulawesi Barat,amc,0.47824906647459053
2020.0,Sulawesi Barat,mc,0.18290186205745293
2020.0,Sulawesi Barat,poor,0.10867661701872397
2020.0,Sulawesi Barat,uc,0.003391287020564439
2020.0,Sulawesi Barat,vulnerable,0.22678116742866827
2020.0,Sulawesi Selatan,amc,0.44476707239526003
2020.0,Sulawesi Selatan,mc,0.2772488440311124
2020.0,Sulawesi Selatan,poor,0.08719860173026169
2020.0,Sulawesi Selatan,uc,0.004241928196783325
2020.0,Sulawesi Selatan,vulnerable,0.18654355364658265
2020.0,Sulawesi Tengah,amc,0.48560008604925053
2020.0,Sulawesi Tengah,mc,0.13018628210631228
2020.0,Sulawesi Tengah,poor,0.12919652559161007
2020.0,Sulawesi Tengah,uc,0.0007003939635561848
2020.0,Sulawesi Tengah,vulnerable,0.2543167122892709
2020.0,Sulawesi Tenggara,amc,0.4288873127737185
2020.0,Sulawesi Tenggara,mc,0.26714758671960653
2020.0,Sulawesi Tenggara,poor,0.11003978354907766
2020.0,Sulawesi Tenggara,uc,0.0038741397484099807
2020.0,Sulawesi Tenggara,vulnerable,0.19005117720918738
2020.0,Sulawesi Utara,amc,0.45777512515988833
2020.0,Sulawesi Utara,mc,0.29971666617457854
2020.0,Sulawesi Utara,poor,0.076235279603998
2020.0,Sulawesi Utara,uc,0.0027079827275044463
2020.0,Sulawesi Utara,vulnerable,0.1635649463340306
2020.0,Sumatera Barat,amc,0.5385302021855358
2020.0,Sumatera Barat,mc,0.12695151811640362
2020.0,Sumatera Barat,poor,0.06276695308160411
2020.0,Sumatera Barat,uc,0.0006615392345949332
2020.0,Sumatera Barat,vulnerable,0.2710897873818617
2020.0,Sumatera Selatan,amc,0.46863696157306045
2020.0,Sumatera Selatan,mc,0.15615159121242586
2020.0,Sumatera Selatan,poor,0.12659699692554574
2020.0,Sumatera Selatan,uc,0.0006725495587959974
2020.0,Sumatera Selatan,vulnerable,0.24794190073017172
2020.0,Sumatera Utara,amc,0.5296987837649173
2020.0,Sumatera Utara,mc,0.1237961127107321
2020.0,Sumatera Utara,poor,0.08748800268758485
2020.0,Sumatera Utara,uc,0.0013114807869499378
2020.0,Sumatera Utara,vulnerable,0.25770562004981595
2021.0,Aceh,amc,0.4787330302735413
2021.0,Aceh,mc,0.10238312340904095
2021.0,Aceh,poor,0.15331753711309837
2021.0,Aceh,uc,0.0008940912857276523
2021.0,Aceh,vulnerable,0.26467221791859175
2021.0,Bali,amc,0.4932592695173033
2021.0,Bali,mc,0.29390089404387365
2021.0,Bali,poor,0.045349799290283925
2021.0,Bali,uc,0.005607582767645184
2021.0,Bali,vulnerable,0.1618824543808939
2021.0,Banten,amc,0.527385403735811
2021.0,Banten,mc,0.21799554797856743
2021.0,Banten,poor,0.0665602039629763
2021.0,Banten,uc,0.0038566682757758693
2021.0,Banten,vulnerable,0.18420217604686936
2021.0,Bengkulu,amc,0.48365695150653365
2021.0,Bengkulu,mc,0.08400794590529967
2021.0,Bengkulu,poor,0.1521709940145064
2021.0,Bengkulu,uc,0.001295446222224159
2021.0,Bengkulu,vulnerable,0.2788686623514361
2021.0,DI Yogyakarta,amc,0.4082176034337313
2021.0,DI Yogyakarta,mc,0.2234951214216
2021.0,DI Yogyakarta,poor,0.1279757797607421
2021.0,DI Yogyakarta,uc,0.00854548040716435
2021.0,DI Yogyakarta,vulnerable,0.2317660149767623
2021.0,DKI Jakarta,amc,0.4632499887492102
2021.0,DKI Jakarta,mc,0.29011056416422165
2021.0,DKI Jakarta,poor,0.047225040511089264
2021.0,DKI Jakarta,uc,0.010513391819963238
2021.0,DKI Jakarta,vulnerable,0.18890101475551566
2021.0,Gorontalo,amc,0.43483885589743526
2021.0,Gorontalo,mc,0.25407850736849236
2021.0,Gorontalo,poor,0.15608760300758776
2021.0,Gorontalo,uc,0.004908724709748391
2021.0,Gorontalo,vulnerable,0.15008630901673622
2021.0,Jambi,amc,0.5277436276994092
2021.0,Jambi,mc,0.1386974879033767
2021.0,Jambi,poor,0.08090802831726183
2021.0,Jambi,uc,0.0009619010244637255
2021.0,Jambi,vulnerable,0.25168895505548855
2021.0,Jawa Barat,amc,0.4566991464957374
2021.0,Jawa Barat,mc,0.27399481479926563
2021.0,Jawa Barat,poor,0.08396013743450113
2021.0,Jawa Barat,uc,0.008119152527934603
2021.0,Jawa Barat,vulnerable,0.17722674874256122
2021.0,Jawa Tengah,amc,0.46932244034651854
2021.0,Jawa Tengah,mc,0.18172165840272198
2021.0,Jawa Tengah,poor,0.11785153453094573
2021.0,Jawa Tengah,uc,0.0036090495396823925
2021.0,Jawa Tengah,vulnerable,0.22749531718013136
2021.0,Jawa Timur,amc,0.4597044131655347
2021.0,Jawa Timur,mc,0.19596092995417078
2021.0,Jawa Timur,poor,0.11401479503244619
2021.0,Jawa Timur,uc,0.0027432726015000153
2021.0,Jawa Timur,vulnerable,0.22757658924634838
2021.0,Kalimantan Barat,amc,0.5629703284732289
2021.0,Kalimantan Barat,mc,0.14135745450671072
2021.0,Kalimantan Barat,poor,0.07145808133727644
2021.0,Kalimantan Barat,uc,0.00024089543487570346
2021.0,Kalimantan Barat,vulnerable,0.22397324024790824
2021.0,Kalimantan Selatan,amc,0.5773340149272477
2021.0,Kalimantan Selatan,mc,0.18017495330708855
2021.0,Kalimantan Selatan,poor,0.048319211939444516
2021.0,Kalimantan Selatan,uc,0.0027348365685575587
2021.0,Kalimantan Selatan,vulnerable,0.19143698325766176
2021.0,Kalimantan Tengah,amc,0.5529207409556844
2021.0,Kalimantan Tengah,mc,0.21967259465784933
2021.0,Kalimantan Tengah,poor,0.05161705167997691
2021.0,Kalimantan Tengah,uc,0.0022856210680823976
2021.0,Kalimantan Tengah,vulnerable,0.1735039916384069
2021.0,Kalimantan Timur,amc,0.5506900530215202
2021.0,Kalimantan Timur,mc,0.15947045327081041
2021.0,Kalimantan Timur,poor,0.06538151428188323
2021.0,Kalimantan Timur,uc,0.0019546365648436914
2021.0,Kalimantan Timur,vulnerable,0.22250334286094242
2021.0,Kalimantan Utara,amc,0.5523214440801733
2021.0,Kalimantan Utara,mc,0.10191996658926543
2021.0,Kalimantan Utara,poor,0.07363270262508123
2021.0,Kalimantan Utara,uc,0.0017565292032570745
2021.0,Kalimantan Utara,vulnerable,0.2703693575022231
2021.0,Kep. Bangka Belitung,amc,0.5896261106103411
2021.0,Kep. Bangka Belitung,mc,0.07334447908165131
2021.0,Kep. Bangka Belitung,poor,0.04901144613200934
2021.0,Kep. Bangka Belitung,uc,0.00041929158261198163
2021.0,Kep. Bangka Belitung,vulnerable,0.28759867259338623
2021.0,Kep. Riau,amc,0.4966756775566518
2021.0,Kep. Riau,mc,0.2656787081982706
2021.0,Kep. Riau,poor,0.06117953613249785
2021.0,Kep. Riau,uc,0.0016177884535840624
2021.0,Kep. Riau,vulnerable,0.17484828965899565
2021.0,Lampung,amc,0.5064987052978817
2021.0,Lampung,mc,0.1111721939593095
2021.0,Lampung,poor,0.12616920555238748
2021.0,Lampung,uc,0.0006536590152718884
2021.0,Lampung,vulnerable,0.2555062361751495
2021.0,Maluku,amc,0.4418385142253304
2021.0,Maluku,mc,0.07812598005456403
2021.0,Maluku,poor,0.17870637633210448
2021.0,Maluku,uc,0.000709025770523713
2021.0,Maluku,vulnerable,0.3006201036174774
2021.0,Maluku Utara,amc,0.5573963197198168
2021.0,Maluku Utara,mc,0.14140682285875514
2021.0,Maluku Utara,poor,0.0689147003242041
2021.0,Maluku Utara,uc,0.0007055100103737391
2021.0,Maluku Utara,vulnerable,0.2315766470868502
2021.0,Nusa Tenggara Barat,amc,0.46679765004233326
2021.0,Nusa Tenggara Barat,mc,0.2394647101995968
2021.0,Nusa Tenggara Barat,poor,0.1414055458434733
2021.0,Nusa Tenggara Barat,uc,0.002921289461417135
2021.0,Nusa Tenggara Barat,vulnerable,0.1494108044531795
2021.0,Nusa Tenggara Timur,amc,0.4503470431701055
2021.0,Nusa Tenggara Timur,mc,0.0961321930139962
2021.0,Nusa Tenggara Timur,poor,0.20993733725268823
2021.0,Nusa Tenggara Timur,uc,0.00041178658819619854
2021.0,Nusa Tenggara Timur,vulnerable,0.2431716399750139
2021.0,Papua,amc,0.39720782203812377
2021.0,Papua,mc,0.17896075439149797
2021.0,Papua,poor,0.2685931742336974
2021.0,Papua,uc,0.0007125827694722114
2021.0,Papua,vulnerable,0.15452566656720862
2021.0,Papua Barat,amc,0.4453449131140389
2021.0,Papua Barat,mc,0.16069841133399648
2021.0,Papua Barat,poor,0.21842216203689918
2021.0,Papua Barat,uc,0.0015619492383773664
2021.0,Papua Barat,vulnerable,0.17397256427668809
2021.0,Riau,amc,0.554080223258644
2021.0,Riau,mc,0.13111175754920693
2021.0,Riau,poor,0.07116317334483045
2021.0,Riau,uc,0.001781677691616836
2021.0,Riau,vulnerable,0.24186316815570177
2021.0,Sulawesi Barat,amc,0.47312965789045497
2021.0,Sulawesi Barat,mc,0.1607838912254212
2021.0,Sulawesi Barat,poor,0.11291782415594391
2021.0,Sulawesi Barat,uc,0.0044059530376862575
2021.0,Sulawesi Barat,vulnerable,0.24876267369049368
2021.0,Sulawesi Selatan,amc,0.4592427838783281
2021.0,Sulawesi Selatan,mc,0.26571982086993085
2021.0,Sulawesi Selatan,poor,0.08781240572283026
2021.0,Sulawesi Selatan,uc,0.004617602544781421
2021.0,Sulawesi Selatan,vulnerable,0.18260738698412932
2021.0,Sulawesi Tengah,amc,0.4812648092778719
2021.0,Sulawesi Tengah,mc,0.11305776058783472
2021.0,Sulawesi Tengah,poor,0.13000280967415231
2021.0,Sulawesi Tengah,uc,0.0008979989339669539
2021.0,Sulawesi Tengah,vulnerable,0.2747766215261741
2021.0,Sulawesi Tenggara,amc,0.4363820445409524
2021.0,Sulawesi Tenggara,mc,0.24482429952613943
2021.0,Sulawesi Tenggara,poor,0.11660462195722562
2021.0,Sulawesi Tenggara,uc,0.005416029898183618
2021.0,Sulawesi Tenggara,vulnerable,0.19677300407749887
2021.0,Sulawesi Utara,amc,0.47058020261384914
2021.0,Sulawesi Utara,mc,0.26726716942085416
2021.0,Sulawesi Utara,poor,0.07771617031376125
2021.0,Sulawesi Utara,uc,0.0041790982234999365
2021.0,Sulawesi Utara,vulnerable,0.18025735942803547
2021.0,Sumatera Barat,amc,0.5486177798819856
2021.0,Sumatera Barat,mc,0.12366267544654518
2021.0,Sumatera Barat,poor,0.06625646174348343
2021.0,Sumatera Barat,uc,0.0008798239946183809
2021.0,Sumatera Barat,vulnerable,0.2605832589333674
2021.0,Sumatera Selatan,amc,0.457774256471808
2021.0,Sumatera Selatan,mc,0.18270067384468647
2021.0,Sumatera Selatan,poor,0.12835624584469665
2021.0,Sumatera Selatan,uc,0.0012228381183855045
2021.0,Sumatera Selatan,vulnerable,0.22994598572042335
2021.0,Sumatera Utara,amc,0.5361291746163505
2021.0,Sumatera Utara,mc,0.0969291735421147
2021.0,Sumatera Utara,poor,0.09010120423819445
2021.0,Sumatera Utara,uc,0.0019384554333829532
2021.0,Sumatera Utara,vulnerable,0.2749019921699574
2022.0,Aceh,amc,0.494848222131641
2022.0,Aceh,mc,0.0885550714607365
2022.0,Aceh,poor,0.14637374714379023
2022.0,Aceh,uc,0.0006456601668688265
2022.0,Aceh,vulnerable,0.26957729909696343
2022.0,Bali,amc,0.5309409388055835
2022.0,Bali,mc,0.23427366985010822
2022.0,Bali,poor,0.04565076724635656
2022.0,Bali,uc,0.0035359966314861863
2022.0,Bali,vulnerable,0.18559862746646574
2022.0,Banten,amc,0.52981834416567
2022.0,Banten,mc,0.2194687374380291
2022.0,Banten,poor,0.06163556672422229
2022.0,Banten,uc,0.003769896910887771
2022.0,Banten,vulnerable,0.18530745476119065
2022.0,Bengkulu,amc,0.4763668603279314
2022.0,Bengkulu,mc,0.08492649140272404
2022.0,Bengkulu,poor,0.14622415930232024
2022.0,Bengkulu,uc,0.0006896340715741952
2022.0,Bengkulu,vulnerable,0.29179285489545015
2022.0,DI Yogyakarta,amc,0.42559353341504674
2022.0,DI Yogyakarta,mc,0.1914433449718037
2022.0,DI Yogyakarta,poor,0.11343926856037491
2022.0,DI Yogyakarta,uc,0.007577708484958244
2022.0,DI Yogyakarta,vulnerable,0.2619461445678163
2022.0,DKI Jakarta,amc,0.4995939142818254
2022.0,DKI Jakarta,mc,0.26465350313709507
2022.0,DKI Jakarta,poor,0.046940155429455906
2022.0,DKI Jakarta,uc,0.012223520811367567
2022.0,DKI Jakarta,vulnerable,0.17658890634025595
2022.0,Gorontalo,amc,0.4153847857311548
2022.0,Gorontalo,mc,0.2208472708349203
2022.0,Gorontalo,poor,0.1541501374835706
2022.0,Gorontalo,uc,0.004879625237912681
2022.0,Gorontalo,vulnerable,0.20473818071244168
2022.0,Jambi,amc,0.5268127972595569
2022.0,Jambi,mc,0.1345385804223188
2022.0,Jambi,poor,0.07615225809051356
2022.0,Jambi,uc,0.002200090803399229
2022.0,Jambi,vulnerable,0.26029627342421163
2022.0,Jawa Barat,amc,0.46092472062546774
2022.0,Jawa Barat,mc,0.25845571224356445
2022.0,Jawa Barat,poor,0.08060597541017103
2022.0,Jawa Barat,uc,0.008224209125867176
2022.0,Jawa Barat,vulnerable,0.19178938259492953
2022.0,Jawa Tengah,amc,0.48309919584385264
2022.0,Jawa Tengah,mc,0.17015421142717638
2022.0,Jawa Tengah,poor,0.10932289656563021
2022.0,Jawa Tengah,uc,0.003718588014527829
2022.0,Jawa Tengah,vulnerable,0.23370510814881296
2022.0,Jawa Timur,amc,0.48329494679608287
2022.0,Jawa Timur,mc,0.1652483701416211
2022.0,Jawa Timur,poor,0.10375285042087817
2022.0,Jawa Timur,uc,0.0027517387329895927
2022.0,Jawa Timur,vulnerable,0.24495209390842848
2022.0,Kalimantan Barat,amc,0.5714677466487671
2022.0,Kalimantan Barat,mc,0.13067702861553784
2022.0,Kalimantan Barat,poor,0.06728047878879287
2022.0,Kalimantan Barat,uc,0.0011419999429314557
2022.0,Kalimantan Barat,vulnerable,0.22943274600397096
2022.0,Kalimantan Selatan,amc,0.5985829254453
2022.0,Kalimantan Selatan,mc,0.14992002336962296
2022.0,Kalimantan Selatan,poor,0.04490904405465929
2022.0,Kalimantan Selatan,uc,0.0023098254598075334
2022.0,Kalimantan Selatan,vulnerable,0.20427818167061018
2022.0,Kalimantan Tengah,amc,0.5660515993407068
2022.0,Kalimantan Tengah,mc,0.19965757817580532
2022.0,Kalimantan Tengah,poor,0.05278711788030348
2022.0,Kalimantan Tengah,uc,0.0010207390043780542
2022.0,Kalimantan Tengah,vulnerable,0.18048296559880633
2022.0,Kalimantan Timur,amc,0.5782926364330078
2022.0,Kalimantan Timur,mc,0.14365588717393668
2022.0,Kalimantan Timur,poor,0.06314056092685824
2022.0,Kalimantan Timur,uc,0.002343277031096459
2022.0,Kalimantan Timur,vulnerable,0.2125676384351009
2022.0,Kalimantan Utara,amc,0.5463612879064957
2022.0,Kalimantan Utara,mc,0.09575141156959739
2022.0,Kalimantan Utara,poor,0.06767533776731324
2022.0,Kalimantan Utara,uc,8.515673105560137e-05
2022.0,Kalimantan Utara,vulnerable,0.29012680602553814
2022.0,Kep. Bangka Belitung,amc,0.6252534431375938
2022.0,Kep. Bangka Belitung,mc,0.07639599002977221
2022.0,Kep. Bangka Belitung,poor,0.0444655309058212
2022.0,Kep. Bangka Belitung,uc,7.576954484039518e-05
2022.0,Kep. Bangka Belitung,vulnerable,0.2538092663819722
2022.0,Kep. Riau,amc,0.5601735769147589
2022.0,Kep. Riau,mc,0.18725484670736084
2022.0,Kep. Riau,poor,0.06237877983069439
2022.0,Kep. Riau,uc,0.0008358644705407875
2022.0,Kep. Riau,vulnerable,0.18935693207664503
2022.0,Lampung,amc,0.489357494097834
2022.0,Lampung,mc,0.09856337848491802
2022.0,Lampung,poor,0.11568762677015473
2022.0,Lampung,uc,0.0012188802990773556
2022.0,Lampung,vulnerable,0.29517262034801595
2022.0,Maluku,amc,0.43926634396783426
2022.0,Maluku,mc,0.07744947007017083
2022.0,Maluku,poor,0.15974290034964944
2022.0,Maluku,vulnerable,0.3235412856123455
2022.0,Maluku Utara,amc,0.5807311569598621
2022.0,Maluku Utara,mc,0.1032137716311445
2022.0,Maluku Utara,poor,0.06234220125918405
2022.0,Maluku Utara,uc,0.0006451310017173338
2022.0,Maluku Utara,vulnerable,0.25306773914809205
2022.0,Nusa Tenggara Barat,amc,0.48018912185054874
2022.0,Nusa Tenggara Barat,mc,0.18273606239142293
2022.0,Nusa Tenggara Barat,poor,0.13675271251758425
2022.0,Nusa Tenggara Barat,uc,0.003147323044087354
2022.0,Nusa Tenggara Barat,vulnerable,0.1971747801963566
2022.0,Nusa Tenggara Timur,amc,0.4080453640709906
2022.0,Nusa Tenggara Timur,mc,0.08703638712326381
2022.0,Nusa Tenggara Timur,poor,0.2004889353648636
2022.0,Nusa Tenggara Timur,uc,0.0004049544754057
2022.0,Nusa Tenggara Timur,vulnerable,0.30402435896547625
2022.0,Papua,amc,0.4009203414878787
2022.0,Papua,mc,0.16904191355274967
2022.0,Papua,poor,0.2656139052005003
2022.0,Papua,uc,0.0015546077745490644
2022.0,Papua,vulnerable,0.16286923198432235
2022.0,Papua Barat,amc,0.43697572690281977
2022.0,Papua Barat,mc,0.1428800099199665
2022.0,Papua Barat,poor,0.21325834358885332
2022.0,Papua Barat,uc,0.00029512113492865416
2022.0,Papua Barat,vulnerable,0.2065907984534319
2022.0,Riau,amc,0.5558215281415655
2022.0,Riau,mc,0.12661583685495847
2022.0,Riau,poor,0.06781274881225777
2022.0,Riau,uc,0.0024895255080766587
2022.0,Riau,vulnerable,0.24726036068314153
2022.0,Sulawesi Barat,amc,0.4505415531204714
2022.0,Sulawesi Barat,mc,0.14127868449938505
2022.0,Sulawesi Barat,poor,0.11748800903746325
2022.0,Sulawesi Barat,uc,0.004336684001468375
2022.0,Sulawesi Barat,vulnerable,0.28635506934121197
2022.0,Sulawesi Selatan,amc,0.48267374098836074
2022.0,Sulawesi Selatan,mc,0.2356550138992494
2022.0,Sulawesi Selatan,poor,0.08632751378600317
2022.0,Sulawesi Selatan,uc,0.004948295929472161
2022.0,Sulawesi Selatan,vulnerable,0.1903954353969145
2022.0,Sulawesi Tengah,amc,0.492841839804828
2022.0,Sulawesi Tengah,mc,0.09769608433644258
2022.0,Sulawesi Tengah,poor,0.12328768523976363
2022.0,Sulawesi Tengah,uc,0.0002959513632324005
2022.0,Sulawesi Tengah,vulnerable,0.28587843925573353
2022.0,Sulawesi Tenggara,amc,0.45630484578444547
2022.0,Sulawesi Tenggara,mc,0.2209029029224806
2022.0,Sulawesi Tenggara,poor,0.11171947056094535
2022.0,Sulawesi Tenggara,uc,0.003837566875496249
2022.0,Sulawesi Tenggara,vulnerable,0.2072352138566324
2022.0,Sulawesi Utara,amc,0.45825489159994387
2022.0,Sulawesi Utara,mc,0.26492316763797125
2022.0,Sulawesi Utara,poor,0.07277650206168008
2022.0,Sulawesi Utara,uc,0.001561830751839649
2022.0,Sulawesi Utara,vulnerable,0.20248360794856518
2022.0,Sumatera Barat,amc,0.5497947826502934
2022.0,Sumatera Barat,mc,0.1103665984205924
2022.0,Sumatera Barat,poor,0.05923333794816552
2022.0,Sumatera Barat,uc,0.0011066897882329248
2022.0,Sumatera Barat,vulnerable,0.27949859119271586
2022.0,Sumatera Selatan,amc,0.4674643317962426
2022.0,Sumatera Selatan,mc,0.16925367173409975
2022.0,Sumatera Selatan,poor,0.11901249034360675
2022.0,Sumatera Selatan,uc,0.0007060068421040957
2022.0,Sumatera Selatan,vulnerable,0.24356349928394683
2022.0,Sumatera Utara,amc,0.5320057391698104
2022.0,Sumatera Utara,mc,0.10235881709315754
2022.0,Sumatera Utara,poor,0.08415974517274964
2022.0,Sumatera Utara,uc,0.0012279472742933273
2022.0,Sumatera Utara,vulnerable,0.280247751289989
2023.0,Aceh,amc,0.4895967532985211
2023.0,Aceh,mc,0.08127023205007655
2023.0,Aceh,poor,0.14451842574029206
2023.0,Aceh,uc,0.00012500237432724613
2023.0,Aceh,vulnerable,0.28448958653678286
2023.0,Bali,amc,0.5286108160878528
2023.0,Bali,mc,0.2925552362572619
2023.0,Bali,poor,0.0425185858605669
2023.0,Bali,uc,0.004684481023580643
2023.0,Bali,vulnerable,0.13163088077073776
2023.0,Banten,amc,0.5615512376206897
2023.0,Banten,mc,0.195310378869981
2023.0,Banten,poor,0.06172952690752197
2023.0,Banten,uc,0.004525825833133745
2023.0,Banten,vulnerable,0.17688303076867345
2023.0,Bengkulu,amc,0.449887135417932
2023.0,Bengkulu,mc,0.10088382403903812
2023.0,Bengkulu,poor,0.14043211298202413
2023.0,Bengkulu,uc,0.0015552407742863408
2023.0,Bengkulu,vulnerable,0.30724168678671937
2023.0,DI Yogyakarta,amc,0.44416226834182576
2023.0,DI Yogyakarta,mc,0.19931282849186113
2023.0,DI Yogyakarta,poor,0.11043770051273225
2023.0,DI Yogyakarta,uc,0.007759139289769014
2023.0,DI Yogyakarta,vulnerable,0.2383280633638118
2023.0,DKI Jakarta,amc,0.5212049405717698
2023.0,DKI Jakarta,mc,0.26092592466736775
2023.0,DKI Jakarta,poor,0.044410811815843956
2023.0,DKI Jakarta,uc,0.016001505546297905
2023.0,DKI Jakarta,vulnerable,0.15745681739872053
2023.0,Gorontalo,amc,0.3946494850293506
2023.0,Gorontalo,mc,0.22840882643921415
2023.0,Gorontalo,poor,0.1515460680652221
2023.0,Gorontalo,uc,0.004193402424515182
2023.0,Gorontalo,vulnerable,0.22120221804169782
2023.0,Jambi,amc,0.5229218215707082
2023.0,Jambi,mc,0.13621799950428418
2023.0,Jambi,poor,0.07577042280652505
2023.0,Jambi,uc,0.003229406452647833
2023.0,Jambi,vulnerable,0.26186034966583466
2023.0,Jawa Barat,amc,0.4790291310368257
2023.0,Jawa Barat,mc,0.22985299463066106
2023.0,Jawa Barat,poor,0.07618953595972203
2023.0,Jawa Barat,uc,0.010147026567931724
2023.0,Jawa Barat,vulnerable,0.20478131180485964
2023.0,Jawa Tengah,amc,0.48021108711114713
2023.0,Jawa Tengah,mc,0.1679911101151543
2023.0,Jawa Tengah,poor,0.10766345351264285
2023.0,Jawa Tengah,uc,0.003104243223584174
2023.0,Jawa Tengah,vulnerable,0.24103010603747138
2023.0,Jawa Timur,amc,0.4707006038991697
2023.0,Jawa Timur,mc,0.16925362541586592
2023.0,Jawa Timur,poor,0.103465023891921
2023.0,Jawa Timur,uc,0.003949042582710376
2023.0,Jawa Timur,vulnerable,0.25263170421033304
2023.0,Kalimantan Barat,amc,0.5636249445112399
2023.0,Kalimantan Barat,mc,0.13360540311705607
2023.0,Kalimantan Barat,poor,0.06714464914373251
2023.0,Kalimantan Barat,uc,0.0013423221683219336
2023.0,Kalimantan Barat,vulnerable,0.2342826810596496
2023.0,Kalimantan Selatan,amc,0.5672048594053755
2023.0,Kalimantan Selatan,mc,0.14564298751927734
2023.0,Kalimantan Selatan,poor,0.042860852705100226
2023.0,Kalimantan Selatan,uc,0.001202096138515638
2023.0,Kalimantan Selatan,vulnerable,0.24308920423173128
2023.0,Kalimantan Tengah,amc,0.5406936233108525
2023.0,Kalimantan Tengah,mc,0.188513677741597
2023.0,Kalimantan Tengah,poor,0.05106591940391701
2023.0,Kalimantan Tengah,uc,0.002028686841294949
2023.0,Kalimantan Tengah,vulnerable,0.2176980927023386
2023.0,Kalimantan Timur,amc,0.5610547672487889
2023.0,Kalimantan Timur,mc,0.16230532283572466
2023.0,Kalimantan Timur,poor,0.06105272048979492
2023.0,Kalimantan Timur,uc,0.001180220610400912
2023.0,Kalimantan Timur,vulnerable,0.21440696881529067
2023.0,Kalimantan Utara,amc,0.544317229346196
2023.0,Kalimantan Utara,mc,0.08888498215622605
2023.0,Kalimantan Utara,poor,0.06448682928734314
2023.0,Kalimantan Utara,uc,0.00010902352318663215
2023.0,Kalimantan Utara,vulnerable,0.3022019356870483
2023.0,Kep. Bangka Belitung,amc,0.5778694951097093
2023.0,Kep. Bangka Belitung,mc,0.0637784161202378
2023.0,Kep. Bangka Belitung,poor,0.045187637657334065
2023.0,Kep. Bangka Belitung,uc,0.00015967373185602027
2023.0,Kep. Bangka Belitung,vulnerable,0.31300477738086285
2023.0,Kep. Riau,amc,0.5498002586044239
2023.0,Kep. Riau,mc,0.18861422426808255
2023.0,Kep. Riau,poor,0.0569297387515915
2023.0,Kep. Riau,uc,0.0012475048689377264
2023.0,Kep. Riau,vulnerable,0.20340827350696428
2023.0,Lampung,amc,0.484192106461402
2023.0,Lampung,mc,0.10558864606574357
2023.0,Lampung,poor,0.11110301133273909
2023.0,Lampung,uc,0.0017909952562297628
2023.0,Lampung,vulnerable,0.29732524088388557
2023.0,Maluku,amc,0.4785743525826943
2023.0,Maluku,mc,0.05626055994356051
2023.0,Maluku,poor,0.16418675907084915
2023.0,Maluku,uc,0.00033938329139142034
2023.0,Maluku,vulnerable,0.30063894511150463
2023.0,Maluku Utara,amc,0.5885085435036003
2023.0,Maluku Utara,mc,0.13829215085421537
2023.0,Maluku Utara,poor,0.06457309702704399
2023.0,Maluku Utara,uc,0.0012391684615003962
2023.0,Maluku Utara,vulnerable,0.20738704015363985
2023.0,Nusa Tenggara Barat,amc,0.4412199062308548
2023.0,Nusa Tenggara Barat,mc,0.18908153060957694
2023.0,Nusa Tenggara Barat,poor,0.1385139543486658
2023.0,Nusa Tenggara Barat,uc,0.0027284327284054053
2023.0,Nusa Tenggara Barat,vulnerable,0.22845617608249702
2023.0,Nusa Tenggara Timur,amc,0.4047251706294366
2023.0,Nusa Tenggara Timur,mc,0.08600563821150314
2023.0,Nusa Tenggara Timur,poor,0.19957771477791025
2023.0,Nusa Tenggara Timur,uc,0.0005250526555433525
2023.0,Nusa Tenggara Timur,vulnerable,0.30916642372560676
2023.0,Papua,amc,0.40992403557420287
2023.0,Papua,mc,0.15604139912424048
2023.0,Papua,poor,0.2602920836400417
2023.0,Papua,uc,0.0005801093800839107
2023.0,Papua,vulnerable,0.17316237228143108
2023.0,Papua Barat,amc,0.448184168207315
2023.0,Papua Barat,mc,0.1401223010425167
2023.0,Papua Barat,poor,0.2049199639844181
2023.0,Papua Barat,uc,0.0011943891989868074
2023.0,Papua Barat,vulnerable,0.20557917756676336
2023.0,Riau,amc,0.5577508198479368
2023.0,Riau,mc,0.12032872875201006
2023.0,Riau,poor,0.06683059534939248
2023.0,Riau,uc,0.0016101719678837615
2023.0,Riau,vulnerable,0.2534796840827768
2023.0,Sulawesi Barat,amc,0.4913172271248321
2023.0,Sulawesi Barat,mc,0.14384720385061062
2023.0,Sulawesi Barat,poor,0.11488878131244966
2023.0,Sulawesi Barat,uc,0.0033089563961269343
2023.0,Sulawesi Barat,vulnerable,0.24663783131598074
2023.0,Sulawesi Selatan,amc,0.46898139730589733
2023.0,Sulawesi Selatan,mc,0.24726056547031341
2023.0,Sulawesi Selatan,poor,0.08696611994467342
2023.0,Sulawesi Selatan,uc,0.0036556162055901794
2023.0,Sulawesi Selatan,vulnerable,0.1931363010735255
2023.0,Sulawesi Tengah,amc,0.5102560459701825
2023.0,Sulawesi Tengah,mc,0.09576816324669035
2023.0,Sulawesi Tengah,poor,0.12408361410393837
2023.0,Sulawesi Tengah,uc,0.000642659853615931
2023.0,Sulawesi Tengah,vulnerable,0.2692495168255728
2023.0,Sulawesi Tenggara,amc,0.4541829936614326
2023.0,Sulawesi Tenggara,mc,0.21156243179962303
2023.0,Sulawesi Tenggara,poor,0.11431662144521847
2023.0,Sulawesi Tenggara,uc,0.0034326581819297173
2023.0,Sulawesi Tenggara,vulnerable,0.21650529491179607
2023.0,Sulawesi Utara,amc,0.4701745286918119
2023.0,Sulawesi Utara,mc,0.24413709971439718
2023.0,Sulawesi Utara,poor,0.0738055422776262
2023.0,Sulawesi Utara,uc,0.002763903779735459
2023.0,Sulawesi Utara,vulnerable,0.20911892553642922
2023.0,Sumatera Barat,amc,0.5720301633857544
2023.0,Sumatera Barat,mc,0.08920146442320653
2023.0,Sumatera Barat,poor,0.0594717263315594
2023.0,Sumatera Barat,uc,0.0009484777217274109
2023.0,Sumatera Barat,vulnerable,0.27834816813775215
2023.0,Sumatera Selatan,amc,0.46427764018108314
2023.0,Sumatera Selatan,mc,0.1500567921375419
2023.0,Sumatera Selatan,poor,0.11778961209730802
2023.0,Sumatera Selatan,uc,0.0009486957497683264
2023.0,Sumatera Selatan,vulnerable,0.26692725983429855
2023.0,Sumatera Utara,amc,0.5479876049836713
2023.0,Sumatera Utara,mc,0.10089114863185736
2023.0,Sumatera Utara,poor,0.08145257575246875
2023.0,Sumatera Utara,uc,0.0015923311291005978
2023.0,Sumatera Utara,vulnerable,0.2680763395029021
2024.0,Aceh,amc,0.4819920804383249
2024.0,Aceh,mc,0.07230984864848512
2024.0,Aceh,poor,0.1423412636448336
2024.0,Aceh,uc,0.0002013898965773658
2024.0,Aceh,vulnerable,0.30315541737177903
2024.0,Bali,amc,0.47819975218632127
2024.0,Bali,mc,0.32179034151277625
2024.0,Bali,poor,0.040009825462505304
2024.0,Bali,uc,0.0059291684931400065
2024.0,Bali,vulnerable,0.15407091234525713
2024.0,Banten,amc,0.5332653855356534
2024.0,Banten,mc,0.19087516307691274
2024.0,Banten,poor,0.0583914733359844
2024.0,Banten,uc,0.0032366617481625315
2024.0,Banten,vulnerable,0.21423131630328698
2024.0,Bengkulu,amc,0.4732998934472869
2024.0,Bengkulu,mc,0.0919202793575343
2024.0,Bengkulu,poor,0.13559258226822488
2024.0,Bengkulu,uc,0.0017617064157377758
2024.0,Bengkulu,vulnerable,0.297425538511216
2024.0,DI Yogyakarta,amc,0.4416872053613495
2024.0,DI Yogyakarta,mc,0.20292962515491925
2024.0,DI Yogyakarta,poor,0.10832167779417994
2024.0,DI Yogyakarta,uc,0.007074370818665093
2024.0,DI Yogyakarta,vulnerable,0.23998712087088636
2024.0,DKI Jakarta,amc,0.5165386882937351
2024.0,DKI Jakarta,mc,0.25411967738886804
2024.0,DKI Jakarta,poor,0.0429685910927863
2024.0,DKI Jakarta,uc,0.011820161273302987
2024.0,DKI Jakarta,vulnerable,0.17455288195130736
2024.0,Gorontalo,amc,0.3970464709950883
2024.0,Gorontalo,mc,0.2127922477995026
2024.0,Gorontalo,poor,0.14573172208959198
2024.0,Gorontalo,uc,0.003874620068754876
2024.0,Gorontalo,vulnerable,0.2405549390470623
2024.0,Jambi,amc,0.5294186170711856
2024.0,Jambi,mc,0.12653729330231475
2024.0,Jambi,poor,0.0709802079322316
2024.0,Jambi,uc,0.002115940117155209
2024.0,Jambi,vulnerable,0.2709479415771128
2024.0,Jawa Barat,amc,0.46952570899851254
2024.0,Jawa Barat,mc,0.23226775344801065
2024.0,Jawa Barat,poor,0.07463192431911246
2024.0,Jawa Barat,uc,0.009414327343665665
2024.0,Jawa Barat,vulnerable,0.2141602858906986
2024.0,Jawa Tengah,amc,0.4817003151195116
2024.0,Jawa Tengah,mc,0.16575132160206396
2024.0,Jawa Tengah,poor,0.10470240890981534
2024.0,Jawa Tengah,uc,0.003086209482592105
2024.0,Jawa Tengah,vulnerable,0.244759744886017
2024.0,Jawa Timur,amc,0.47744643520716573
2024.0,Jawa Timur,mc,0.16600717612134283
2024.0,Jawa Timur,poor,0.09794952540272586
2024.0,Jawa Timur,uc,0.0026675521841697356
2024.0,Jawa Timur,vulnerable,0.2559293110845959
2024.0,Kalimantan Barat,amc,0.5724251030381794
2024.0,Kalimantan Barat,mc,0.11918221558638921
2024.0,Kalimantan Barat,poor,0.06319319797202921
2024.0,Kalimantan Barat,uc,0.0008757335479151248
2024.0,Kalimantan Barat,vulnerable,0.24432374985548722
2024.0,Kalimantan Selatan,amc,0.5871858869223023
2024.0,Kalimantan Selatan,mc,0.1458626246904081
2024.0,Kalimantan Selatan,poor,0.041122477576349875
2024.0,Kalimantan Selatan,uc,0.0010210222482932643
2024.0,Kalimantan Selatan,vulnerable,0.22480798856264644
2024.0,Kalimantan Tengah,amc,0.5886893453700361
2024.0,Kalimantan Tengah,mc,0.18767802467428596
2024.0,Kalimantan Tengah,poor,0.05166376242666197
2024.0,Kalimantan Tengah,uc,0.0009319039915027711
2024.0,Kalimantan Tengah,vulnerable,0.17103696353751333
2024.0,Kalimantan Timur,amc,0.5631765476924605
2024.0,Kalimantan Timur,mc,0.14445231888771476
2024.0,Kalimantan Timur,poor,0.057831330811685
2024.0,Kalimantan Timur,uc,0.0004986046774204332
2024.0,Kalimantan Timur,vulnerable,0.23404119793071934
2024.0,Kalimantan Utara,amc,0.49645280512749906
2024.0,Kalimantan Utara,mc,0.07985154694915768
2024.0,Kalimantan Utara,poor,0.06318730884401055
2024.0,Kalimantan Utara,uc,1.5581523988997386e-05
2024.0,Kalimantan Utara,vulnerable,0.36049275755534377
2024.0,Kep. Bangka Belitung,amc,0.5931511065343592
2024.0,Kep. Bangka Belitung,mc,0.05842766464257028
2024.0,Kep. Bangka Belitung,poor,0.04548163864127987
2024.0,Kep. Bangka Belitung,uc,0.001070876578244092
2024.0,Kep. Bangka Belitung,vulnerable,0.30186871360354645
2024.0,Kep. Riau,amc,0.556871428256225
2024.0,Kep. Riau,mc,0.18179118338459566
2024.0,Kep. Riau,poor,0.053691141866406056
2024.0,Kep. Riau,uc,0.0021159273337907386
2024.0,Kep. Riau,vulnerable,0.2055303191589826
2024.0,Lampung,amc,0.5023268348670816
2024.0,Lampung,mc,0.08811426530338397
2024.0,Lampung,poor,0.10687756146008996
2024.0,Lampung,uc,0.0014794743528201784
2024.0,Lampung,vulnerable,0.30120186401662435
2024.0,Maluku,amc,0.4490719049304393
2024.0,Maluku,mc,0.05916365749248271
2024.0,Maluku,poor,0.1604927030950293
2024.0,Maluku,uc,0.00011307832712202636
2024.0,Maluku,vulnerable,0.33115865615492684
2024.0,Maluku Utara,amc,0.5755917320527464
2024.0,Maluku Utara,mc,0.1456847483143708
2024.0,Maluku Utara,poor,0.06322809178325503
2024.0,Maluku Utara,uc,0.0018373235604220361
2024.0,Maluku Utara,vulnerable,0.21365810428920584
2024.0,Nusa Tenggara Barat,amc,0.4269393081254789
2024.0,Nusa Tenggara Barat,mc,0.1750921483557903
2024.0,Nusa Tenggara Barat,poor,0.12905554027462152
2024.0,Nusa Tenggara Barat,uc,0.0014222558402154032
2024.0,Nusa Tenggara Barat,vulnerable,0.267490747403894
2024.0,Nusa Tenggara Timur,amc,0.4116994648110335
2024.0,Nusa Tenggara Timur,mc,0.0786627905664083
2024.0,Nusa Tenggara Timur,poor,0.19475510610349261
2024.0,Nusa Tenggara Timur,uc,0.00013004295967414977
2024.0,Nusa Tenggara Timur,vulnerable,0.3147525955593914
2024.0,Papua,amc,0.4728253317668697
2024.0,Papua,mc,0.1628259846869397
2024.0,Papua,poor,0.17263510956926625
2024.0,Papua,uc,0.00022976788521149183
2024.0,Papua,vulnerable,0.19148380609171298
2024.0,Papua Barat,amc,0.36158395407438615
2024.0,Papua Barat,mc,0.13297929101116604
2024.0,Papua Barat,poor,0.21661867126654172
2024.0,Papua Barat,uc,0.0011822027446711028
2024.0,Papua Barat,vulnerable,0.287635880903235
2024.0,Papua Barat Daya,amc,0.47253896002530926
2024.0,Papua Barat Daya,mc,0.13020984855699913
2024.0,Papua Barat Daya,poor,0.18131489112732344
2024.0,Papua Barat Daya,uc,0.0006183704109896952
2024.0,Papua Barat Daya,vulnerable,0.21531792987937848
2024.0,Papua Pegunungan,amc,0.3151329293594365
2024.0,Papua Pegunungan,mc,0.09230400676807399
2024.0,Papua Pegunungan,poor,0.3296537482332253
2024.0,Papua Pegunungan,uc,1.9111853139610834e-05
2024.0,Papua Pegunungan,vulnerable,0.2628902037861247
2024.0,Papua Selatan,amc,0.4466652569621169
2024.0,Papua Selatan,mc,0.2277176733374259
2024.0,Papua Selatan,poor,0.1743871536538853
2024.0,Papua Selatan,uc,0.0028586610265503147
2024.0,Papua Selatan,vulnerable,0.1483712550200216
2024.0,Papua Tengah,amc,0.37738396060367185
2024.0,Papua Tengah,mc,0.11620638787730891
2024.0,Papua Tengah,poor,0.2976410379533243
2024.0,Papua Tengah,uc,0.0005573835799016095
2024.0,Papua Tengah,vulnerable,0.2082112299857933
2024.0,Riau,amc,0.5488262736037286
2024.0,Riau,mc,0.11688392013249717
2024.0,Riau,poor,0.06668689004991349
2024.0,Riau,uc,0.0006297807717428892
2024.0,Riau,vulnerable,0.2669731354421177
2024.0,Sulawesi Barat,amc,0.5118512353671337
2024.0,Sulawesi Barat,mc,0.13780137305412604
2024.0,Sulawesi Barat,poor,0.11212003202273334
2024.0,Sulawesi Barat,uc,0.00336207395966548
2024.0,Sulawesi Barat,vulnerable,0.2348652855963415
2024.0,Sulawesi Selatan,amc,0.46887421633475723
2024.0,Sulawesi Selatan,mc,0.24690160688740742
2024.0,Sulawesi Selatan,poor,0.08062646276691354
2024.0,Sulawesi Selatan,uc,0.0026720540881995034
2024.0,Sulawesi Selatan,vulnerable,0.2009256599227222
2024.0,Sulawesi Tengah,amc,0.5092598501884007
2024.0,Sulawesi Tengah,mc,0.09299272432817875
2024.0,Sulawesi Tengah,poor,0.11768391223770716
2024.0,Sulawesi Tengah,uc,0.0004972096548735351
2024.0,Sulawesi Tengah,vulnerable,0.27956630359083995
2024.0,Sulawesi Tenggara,amc,0.46977858999923144
2024.0,Sulawesi Tenggara,mc,0.21322629939469145
2024.0,Sulawesi Tenggara,poor,0.11208771883091577
2024.0,Sulawesi Tenggara,uc,0.0026196784995483444
2024.0,Sulawesi Tenggara,vulnerable,0.20228771327561304
2024.0,Sulawesi Utara,amc,0.4971682597935369
2024.0,Sulawesi Utara,mc,0.23569776903399586
2024.0,Sulawesi Utara,poor,0.0725083656829498
2024.0,Sulawesi Utara,uc,0.0033212596511715486
2024.0,Sulawesi Utara,vulnerable,0.19130434583834582
2024.0,Sumatera Barat,amc,0.5462942161544231
2024.0,Sumatera Barat,mc,0.09073039150020672
2024.0,Sumatera Barat,poor,0.05974956442223516
2024.0,Sumatera Barat,uc,0.0008058816361901418
2024.0,Sumatera Barat,vulnerable,0.3024199462869449
2024.0,Sumatera Selatan,amc,0.47585098685320365
2024.0,Sumatera Selatan,mc,0.15810890509432388
2024.0,Sumatera Selatan,poor,0.1096575174919812
2024.0,Sumatera Selatan,uc,0.000680357249135117
2024.0,Sumatera Selatan,vulnerable,0.2557022333113561
2024.0,Sumatera Utara,amc,0.5375224902279181
2024.0,Sumatera Utara,mc,0.09021196649135207
2024.0,Sumatera Utara,poor,0.07990374911330425
2024.0,Sumatera Utara,uc,0.000673234855628127
2024.0,Sumatera Utara,vulnerable,0.2916885593117974
