year,province,category,value
2014,Aceh,amc,0.40802366027129916
2014,Aceh,mc,0.085118749
2014,Aceh,poor,0.1689750420438452
2014,Aceh,uc,0.000206961
2014,Aceh,vulnerable,0.33767558713764834
2014,Bali,amc,0.3969604086092518
2014,Bali,mc,0.37202755103275714
2014,Bali,poor,0.040041762972159944
2014,Bali,uc,0.005547461
2014,Bali,vulnerable,0.1854228167415622
2014,Banten,amc,0.4828944366010848
2014,Banten,mc,0.24966117
2014,Banten,poor,0.052935606
2014,Banten,uc,0.005525696
2014,Banten,vulnerable,0.2089830917038855
2014,Bengkulu,amc,0.43038553072166313
2014,Bengkulu,mc,0.11739431042767581
2014,Bengkulu,poor,0.16056153
2014,Bengkulu,uc,0.001250393
2014,Bengkulu,vulnerable,0.2904082363207472
2014,DI Yogyakarta,amc,0.40765288201538624
2014,DI Yogyakarta,mc,0.1591786642147102
2014,DI Yogyakarta,poor,0.1329602730257042
2014,DI Yogyakarta,uc,0.00308202
2014,DI Yogyakarta,vulnerable,0.29712616025037514
2014,DKI Jakarta,amc,0.4519829381097526
2014,DKI Jakarta,mc,0.32624164057288085
2014,DKI Jakarta,poor,0.036539702418794145
2014,DKI Jakarta,uc,0.013020831179623979
2014,DKI Jakarta,vulnerable,0.17221488771894836
2014,Gorontalo,amc,0.320679477
2014,Gorontalo,mc,0.23058621573925803
2014,Gorontalo,poor,0.18596025613777373
2014,Gorontalo,uc,0.005354073
2014,Gorontalo,vulnerable,0.25741997787281445
2014,Jambi,amc,0.4976711452252043
2014,Jambi,mc,0.13141796059607253
2014,Jambi,poor,0.08462767
2014,Jambi,uc,0.001366109
2014,Jambi,vulnerable,0.28491711481291027
2014,Jawa Barat,amc,0.43972091537732116
2014,Jawa Barat,mc,0.20512565850884695
2014,Jawa Barat,poor,0.094211466
2014,Jawa Barat,uc,0.004632417
2014,Jawa Barat,vulnerable,0.256309543
2014,Jawa Tengah,amc,0.4243331191228541
2014,Jawa Tengah,mc,0.13694279610381424
2014,Jawa Tengah,poor,0.13967361654557928
2014,Jawa Tengah,uc,0.002821246
2014,Jawa Tengah,vulnerable,0.29622922262023654
2014,Jawa Timur,amc,0.44282962705382983
2014,Jawa Timur,mc,0.14169026682560518
2014,Jawa Timur,poor,0.12168199491562737
2014,Jawa Timur,uc,0.004454135
2014,Jawa Timur,vulnerable,0.28934397620118674
2014,Kalimantan Barat,amc,0.4630334016943653
2014,Kalimantan Barat,mc,0.20153579108238281
2014,Kalimantan Barat,poor,0.080980487
2014,Kalimantan Barat,uc,0.003197865
2014,Kalimantan Barat,vulnerable,0.251252456
2014,Kalimantan Selatan,amc,0.5633415358924675
2014,Kalimantan Selatan,mc,0.20839709176605636
2014,Kalimantan Selatan,poor,0.038756657
2014,Kalimantan Selatan,uc,0.003096792
2014,Kalimantan Selatan,vulnerable,0.18640792355165164
2014,Kalimantan Tengah,amc,0.5163610369578557
2014,Kalimantan Tengah,mc,0.21947311529481625
2014,Kalimantan Tengah,poor,0.057316626
2014,Kalimantan Tengah,uc,0.002770482
2014,Kalimantan Tengah,vulnerable,0.2040787396337269
2014,Kalimantan Timur,amc,0.5426645319670814
2014,Kalimantan Timur,mc,0.171407568
2014,Kalimantan Timur,poor,0.061647068
2014,Kalimantan Timur,uc,0.003602523
2014,Kalimantan Timur,vulnerable,0.22067830848986467
2014,Kepulauan Bangka Belitung,amc,0.5561865549731589
2014,Kepulauan Bangka Belitung,mc,0.12041686354640413
2014,Kepulauan Bangka Belitung,poor,0.052711011709286354
2014,Kepulauan Bangka Belitung,uc,0.003001024
2014,Kepulauan Bangka Belitung,vulnerable,0.2676845462407077
2014,Kepulauan Riau,amc,0.423740518
2014,Kepulauan Riau,mc,0.2873245284299063
2014,Kepulauan Riau,poor,0.054593397
2014,Kepulauan Riau,uc,0.00553864
2014,Kepulauan Riau,vulnerable,0.2288029162479891
2014,Lampung,amc,0.43493988846074444
2014,Lampung,mc,0.086645551
2014,Lampung,poor,0.140990938
2014,Lampung,uc,0.001579928
2014,Lampung,vulnerable,0.3358436950598242
2014,Maluku,amc,0.4619155530135178
2014,Maluku,mc,0.10629710204284298
2014,Maluku,poor,0.17563599210561845
2014,Maluku,uc,0.000410846
2014,Maluku,vulnerable,0.2557405066360657
2014,Maluku Utara,amc,0.5491382300384456
2014,Maluku Utara,mc,0.13902294202449794
2014,Maluku Utara,poor,0.068488148
2014,Maluku Utara,uc,0.000445295
2014,Maluku Utara,vulnerable,0.24290538486888183
2014,Nusa Tenggara Barat,amc,0.3856925443376478
2014,Nusa Tenggara Barat,mc,0.13453407015045482
2014,Nusa Tenggara Barat,poor,0.17194433415526597
2014,Nusa Tenggara Barat,uc,0.002366018
2014,Nusa Tenggara Barat,vulnerable,0.3054630329190483
2014,Nusa Tenggara Timur,amc,0.37259870825058694
2014,Nusa Tenggara Timur,mc,0.065286845
2014,Nusa Tenggara Timur,poor,0.1991973334943608
2014,Nusa Tenggara Timur,uc,0.00123687
2014,Nusa Tenggara Timur,vulnerable,0.36168024336551563
2014,Papua,amc,0.33148021808616757
2014,Papua,mc,0.13955634431594346
2014,Papua,poor,0.2720690070584973
2014,Papua,uc,0.000782637
2014,Papua,vulnerable,0.2561117940071022
2014,Papua Barat,amc,0.3645837958584929
2014,Papua Barat,mc,0.14548307466814583
2014,Papua Barat,poor,0.22399744063341726
2014,Papua Barat,uc,0.005932141
2014,Papua Barat,vulnerable,0.26000354802456255
2014,Riau,amc,0.4913351460384854
2014,Riau,mc,0.1700720570614058
2014,Riau,poor,0.079821074
2014,Riau,uc,0.002748627
2014,Riau,vulnerable,0.25602309542685653
2014,Sulawesi Barat,amc,0.45447069045231403
2014,Sulawesi Barat,mc,0.12099080224748911
2014,Sulawesi Barat,poor,0.11566404916993872
2014,Sulawesi Barat,uc,0.003240591
2014,Sulawesi Barat,vulnerable,0.30563386744650833
2014,Sulawesi Selatan,amc,0.3865928323405812
2014,Sulawesi Selatan,mc,0.26622011470944673
2014,Sulawesi Selatan,poor,0.097331029
2014,Sulawesi Selatan,uc,0.006177914
2014,Sulawesi Selatan,vulnerable,0.24367810980948074
2014,Sulawesi Tengah,amc,0.4655282340933747
2014,Sulawesi Tengah,mc,0.1293080559180605
2014,Sulawesi Tengah,poor,0.1244160097709997
2014,Sulawesi Tengah,uc,0.001794167
2014,Sulawesi Tengah,vulnerable,0.2789535330427257
2014,Sulawesi Tenggara,amc,0.39964476774055835
2014,Sulawesi Tenggara,mc,0.19937830302735884
2014,Sulawesi Tenggara,poor,0.11886040713004072
2014,Sulawesi Tenggara,uc,0.003269864
2014,Sulawesi Tenggara,vulnerable,0.27884665803791153
2014,Sulawesi Utara,amc,0.3881671353281753
2014,Sulawesi Utara,mc,0.2659317084701575
2014,Sulawesi Utara,poor,0.088600736
2014,Sulawesi Utara,uc,0.00646747
2014,Sulawesi Utara,vulnerable,0.2508329497201909
2014,Sumatera Barat,amc,0.5319819282248204
2014,Sumatera Barat,mc,0.12584796817476665
2014,Sumatera Barat,poor,0.068462072
2014,Sumatera Barat,uc,0.000957324
2014,Sumatera Barat,vulnerable,0.2727507070768847
2014,Sumatera Selatan,amc,0.43441720627588853
2014,Sumatera Selatan,mc,0.14546344621854704
2014,Sumatera Selatan,poor,0.13701142291405968
2014,Sumatera Selatan,uc,0.002502664
2014,Sumatera Selatan,vulnerable,0.2806052610894845
2014,Sumatera Utara,amc,0.5342866982130519
2014,Sumatera Utara,mc,0.11658265214112339
2014,Sumatera Utara,poor,0.089613967
2014,Sumatera Utara,uc,0.001167231
2014,Sumatera Utara,vulnerable,0.25834945174270946
2015,Aceh,amc,0.4136551906165959
2015,Aceh,mc,0.080524535
2015,Aceh,poor,0.17076729521292777
2015,Aceh,uc,0.00072607
2015,Aceh,vulnerable,0.33432690876883175
2015,Bali,amc,0.47995000734921206
2015,Bali,mc,0.29751683242202714
2015,Bali,poor,0.047430042
2015,Bali,uc,0.007437855
2015,Bali,vulnerable,0.16766526325617698
2015,Banten,amc,0.4996905246504746
2015,Banten,mc,0.2250490579669679
2015,Banten,poor,0.059042022
2015,Banten,uc,0.007260436
2015,Banten,vulnerable,0.20895795925655034
2015,Bengkulu,amc,0.4117470102954237
2015,Bengkulu,mc,0.1169543918372339
2015,Bengkulu,poor,0.17882673541138036
2015,Bengkulu,uc,0.002454703
2015,Bengkulu,vulnerable,0.29001715949351026
2015,DI Yogyakarta,amc,0.42120578381046037
2015,DI Yogyakarta,mc,0.2024800225771184
2015,DI Yogyakarta,poor,0.14913713553537683
2015,DI Yogyakarta,uc,0.007607546
2015,DI Yogyakarta,vulnerable,0.21956951174590236
2015,DKI Jakarta,amc,0.474473175
2015,DKI Jakarta,mc,0.2890347771274249
2015,DKI Jakarta,poor,0.039344756
2015,DKI Jakarta,uc,0.017864960305415213
2015,DKI Jakarta,vulnerable,0.17928233144586914
2015,Gorontalo,amc,0.41382249962199863
2015,Gorontalo,mc,0.17355252959895612
2015,Gorontalo,poor,0.18320923318622115
2015,Gorontalo,uc,0.005814857
2015,Gorontalo,vulnerable,0.22360088105000814
2015,Jambi,amc,0.5536488812525197
2015,Jambi,mc,0.12579300782006678
2015,Jambi,poor,0.088615559
2015,Jambi,uc,0.004344756
2015,Jambi,vulnerable,0.22759779500427138
2015,Jawa Barat,amc,0.4649286087998526
2015,Jawa Barat,mc,0.20169549050276123
2015,Jawa Barat,poor,0.09534237
2015,Jawa Barat,uc,0.012288445300074552
2015,Jawa Barat,vulnerable,0.2257450856171959
2015,Jawa Tengah,amc,0.45581919947772725
2015,Jawa Tengah,mc,0.13527915547051067
2015,Jawa Tengah,poor,0.13578186730246047
2015,Jawa Tengah,uc,0.005806423
2015,Jawa Tengah,vulnerable,0.26731335474870427
2015,Jawa Timur,amc,0.4304604037513161
2015,Jawa Timur,mc,0.1880622384438094
2015,Jawa Timur,poor,0.12342944766079846
2015,Jawa Timur,uc,0.007899198
2015,Jawa Timur,vulnerable,0.2501487122443184
2015,Kalimantan Barat,amc,0.5231044848651778
2015,Kalimantan Barat,mc,0.15655946026879536
2015,Kalimantan Barat,poor,0.080315156
2015,Kalimantan Barat,uc,0.002227232
2015,Kalimantan Barat,vulnerable,0.2377936667637922
2015,Kalimantan Selatan,amc,0.5464917917326116
2015,Kalimantan Selatan,mc,0.2015243863155271
2015,Kalimantan Selatan,poor,0.049878036054889205
2015,Kalimantan Selatan,uc,0.005128183
2015,Kalimantan Selatan,vulnerable,0.19697760299308212
2015,Kalimantan Tengah,amc,0.5584569253196185
2015,Kalimantan Tengah,mc,0.1807261804899095
2015,Kalimantan Tengah,poor,0.059344742
2015,Kalimantan Tengah,uc,0.003320873
2015,Kalimantan Tengah,vulnerable,0.19815127830786444
2015,Kalimantan Timur,amc,0.5674790323189133
2015,Kalimantan Timur,mc,0.1620115413036773
2015,Kalimantan Timur,poor,0.062295905630303586
2015,Kalimantan Timur,uc,0.001255487
2015,Kalimantan Timur,vulnerable,0.20695803343911365
2015,Kalimantan Utara,amc,0.5631871887034897
2015,Kalimantan Utara,mc,0.10658717456308885
2015,Kalimantan Utara,poor,0.062324046446204734
2015,Kalimantan Utara,uc,0.001670428
2015,Kalimantan Utara,vulnerable,0.2662311626754666
2015,Kepulauan Bangka Belitung,amc,0.5990887518985418
2015,Kepulauan Bangka Belitung,mc,0.12092907810911557
2015,Kepulauan Bangka Belitung,poor,0.054015615469509975
2015,Kepulauan Bangka Belitung,uc,0.001467739
2015,Kepulauan Bangka Belitung,vulnerable,0.22449881545581582
2015,Kepulauan Riau,amc,0.482947478
2015,Kepulauan Riau,mc,0.2599712056595798
2015,Kepulauan Riau,poor,0.062411613
2015,Kepulauan Riau,uc,0.00349538
2015,Kepulauan Riau,vulnerable,0.19117432308297025
2015,Lampung,amc,0.442399331
2015,Lampung,mc,0.11014027244393547
2015,Lampung,poor,0.14347789678556877
2015,Lampung,uc,0.003085793
2015,Lampung,vulnerable,0.300896707
2015,Maluku,amc,0.4153719122957408
2015,Maluku,mc,0.097729646
2015,Maluku,poor,0.1951390352968046
2015,Maluku,uc,0.00070072
2015,Maluku,vulnerable,0.2910586862777343
2015,Maluku Utara,amc,0.5934204505880244
2015,Maluku Utara,mc,0.13052641593542627
2015,Maluku Utara,poor,0.06834169
2015,Maluku Utara,uc,0.000181371
2015,Maluku Utara,vulnerable,0.20753007276025676
2015,Nusa Tenggara Barat,amc,0.44279874907723094
2015,Nusa Tenggara Barat,mc,0.1043304188957909
2015,Nusa Tenggara Barat,poor,0.17095912643584574
2015,Nusa Tenggara Barat,uc,0.003674021
2015,Nusa Tenggara Barat,vulnerable,0.27823768410865807
2015,Nusa Tenggara Timur,amc,0.3868462936538946
2015,Nusa Tenggara Timur,mc,0.061692595026705974
2015,Nusa Tenggara Timur,poor,0.22608048616538792
2015,Nusa Tenggara Timur,uc,0.001053461
2015,Nusa Tenggara Timur,vulnerable,0.32432716409530526
2015,Papua,amc,0.3483130583016782
2015,Papua,mc,0.12936545593203422
2015,Papua,poor,0.281627031
2015,Papua,uc,0.00114417
2015,Papua,vulnerable,0.23955028464199754
2015,Papua Barat,amc,0.378338424
2015,Papua Barat,mc,0.14675824236911272
2015,Papua Barat,poor,0.2582738065920531
2015,Papua Barat,uc,0.003601228
2015,Papua Barat,vulnerable,0.21302829883491228
2015,Riau,amc,0.5292104590091344
2015,Riau,mc,0.14313862964064497
2015,Riau,poor,0.084202871
2015,Riau,uc,0.004457486
2015,Riau,vulnerable,0.23899055459516158
2015,Sulawesi Barat,amc,0.4818583385296289
2015,Sulawesi Barat,mc,0.13648069887916214
2015,Sulawesi Barat,poor,0.12393536248983862
2015,Sulawesi Barat,uc,0.002889651
2015,Sulawesi Barat,vulnerable,0.254835949
2015,Sulawesi Selatan,amc,0.4519813172832642
2015,Sulawesi Selatan,mc,0.22668752183891291
2015,Sulawesi Selatan,poor,0.093841308
2015,Sulawesi Selatan,uc,0.009218355
2015,Sulawesi Selatan,vulnerable,0.2182714977006648
2015,Sulawesi Tengah,amc,0.4434461299923267
2015,Sulawesi Tengah,mc,0.12716730845872704
2015,Sulawesi Tengah,poor,0.146627053
2015,Sulawesi Tengah,uc,0.004040536
2015,Sulawesi Tengah,vulnerable,0.2787189722978395
2015,Sulawesi Tenggara,amc,0.4599671919913908
2015,Sulawesi Tenggara,mc,0.18089137686941553
2015,Sulawesi Tenggara,poor,0.12893957624904462
2015,Sulawesi Tenggara,uc,0.004765748
2015,Sulawesi Tenggara,vulnerable,0.2254361063939791
2015,Sulawesi Utara,amc,0.4809237270598001
2015,Sulawesi Utara,mc,0.21358786733507876
2015,Sulawesi Utara,poor,0.086442479
2015,Sulawesi Utara,uc,0.00546892
2015,Sulawesi Utara,vulnerable,0.2135770074395693
2015,Sumatera Barat,amc,0.5076670437105761
2015,Sumatera Barat,mc,0.12519344763946988
2015,Sumatera Barat,poor,0.073098399
2015,Sumatera Barat,uc,0.002149172
2015,Sumatera Barat,vulnerable,0.2918919383495066
2015,Sumatera Selatan,amc,0.4703984593531406
2015,Sumatera Selatan,mc,0.1301645409781281
2015,Sumatera Selatan,poor,0.14247241516088385
2015,Sumatera Selatan,uc,0.001401348
2015,Sumatera Selatan,vulnerable,0.2555632360397337
2015,Sumatera Utara,amc,0.5376084315894525
2015,Sumatera Utara,mc,0.10299715692789671
2015,Sumatera Utara,poor,0.10529913237480665
2015,Sumatera Utara,uc,0.002130131
2015,Sumatera Utara,vulnerable,0.25196514837393613
2016,Aceh,amc,0.4375031752363396
2016,Aceh,mc,0.084637792
2016,Aceh,poor,0.16726284683019527
2016,Aceh,uc,0.000606818
2016,Aceh,vulnerable,0.3099893684657254
2016,Bali,amc,0.4806317126487449
2016,Bali,mc,0.307684718
2016,Bali,poor,0.042543367
2016,Bali,uc,0.003018487
2016,Bali,vulnerable,0.1661217157326056
2016,Banten,amc,0.5016671427067709
2016,Banten,mc,0.23427932426492437
2016,Banten,poor,0.05420693
2016,Banten,uc,0.005839069
2016,Banten,vulnerable,0.20400753430887117
2016,Bengkulu,amc,0.416579172
2016,Bengkulu,mc,0.12207203431656975
2016,Bengkulu,poor,0.17319784171172484
2016,Bengkulu,uc,0.000873118
2016,Bengkulu,vulnerable,0.28727783382119904
2016,DI Yogyakarta,amc,0.3622776875410003
2016,DI Yogyakarta,mc,0.2800385238266469
2016,DI Yogyakarta,poor,0.13339061410797032
2016,DI Yogyakarta,uc,0.006025447
2016,DI Yogyakarta,vulnerable,0.21826772788745163
2016,DKI Jakarta,amc,0.41229625572781886
2016,DKI Jakarta,mc,0.3521351029367059
2016,DKI Jakarta,poor,0.037483224
2016,DKI Jakarta,uc,0.015447164593429392
2016,DKI Jakarta,vulnerable,0.18263825235276646
2016,Gorontalo,amc,0.3693394279332935
2016,Gorontalo,mc,0.2239119675176163
2016,Gorontalo,poor,0.17724441938266394
2016,Gorontalo,uc,0.004508219
2016,Gorontalo,vulnerable,0.22499596613714404
2016,Jambi,amc,0.5440547578359699
2016,Jambi,mc,0.14481260396276976
2016,Jambi,poor,0.084131796
2016,Jambi,uc,0.001126635
2016,Jambi,vulnerable,0.22587420693325858
2016,Jawa Barat,amc,0.3895579723092653
2016,Jawa Barat,mc,0.2829682694636714
2016,Jawa Barat,poor,0.089477256
2016,Jawa Barat,uc,0.010564885971564426
2016,Jawa Barat,vulnerable,0.22743161672411963
2016,Jawa Tengah,amc,0.4376087331810369
2016,Jawa Tengah,mc,0.16019681514720546
2016,Jawa Tengah,poor,0.1327203834046446
2016,Jawa Tengah,uc,0.002898202
2016,Jawa Tengah,vulnerable,0.2665758663912665
2016,Jawa Timur,amc,0.42467509577866297
2016,Jawa Timur,mc,0.1995461824907668
2016,Jawa Timur,poor,0.12054103416374888
2016,Jawa Timur,uc,0.00564033
2016,Jawa Timur,vulnerable,0.24959735776483924
2016,Kalimantan Barat,amc,0.5214906287048178
2016,Kalimantan Barat,mc,0.16088185230499416
2016,Kalimantan Barat,poor,0.078732914
2016,Kalimantan Barat,uc,0.001479287
2016,Kalimantan Barat,vulnerable,0.23741531742694816
2016,Kalimantan Selatan,amc,0.5466251116366213
2016,Kalimantan Selatan,mc,0.21203476795152457
2016,Kalimantan Selatan,poor,0.048453097
2016,Kalimantan Selatan,uc,0.002370611
2016,Kalimantan Selatan,vulnerable,0.19051641300212618
2016,Kalimantan Tengah,amc,0.48862728063533645
2016,Kalimantan Tengah,mc,0.263449742
2016,Kalimantan Tengah,poor,0.056572751
2016,Kalimantan Tengah,uc,0.003620566
2016,Kalimantan Tengah,vulnerable,0.18772965992746274
2016,Kalimantan Timur,amc,0.5662245521227596
2016,Kalimantan Timur,mc,0.16573651013509247
2016,Kalimantan Timur,poor,0.06114053
2016,Kalimantan Timur,uc,0.002048825
2016,Kalimantan Timur,vulnerable,0.20484958311369172
2016,Kalimantan Utara,amc,0.5263404788984376
2016,Kalimantan Utara,mc,0.13844955070724105
2016,Kalimantan Utara,poor,0.062293321
2016,Kalimantan Utara,uc,0.001279923
2016,Kalimantan Utara,vulnerable,0.2716367263839383
2016,Kepulauan Bangka Belitung,amc,0.6005849118073281
2016,Kepulauan Bangka Belitung,mc,0.1250823967701619
2016,Kepulauan Bangka Belitung,poor,0.052174477381868534
2016,Kepulauan Bangka Belitung,uc,0.000297912
2016,Kepulauan Bangka Belitung,vulnerable,0.22186030234330034
2016,Kepulauan Riau,amc,0.48182456561072007
2016,Kepulauan Riau,mc,0.2667515546043987
2016,Kepulauan Riau,poor,0.059779877
2016,Kepulauan Riau,uc,0.000553132
2016,Kepulauan Riau,vulnerable,0.19109087038836212
2016,Lampung,amc,0.4500485258482494
2016,Lampung,mc,0.11395135075960815
2016,Lampung,poor,0.142929224
2016,Lampung,uc,0.000666001
2016,Lampung,vulnerable,0.2924048979777526
2016,Maluku,amc,0.3960730134173241
2016,Maluku,mc,0.1208230336135458
2016,Maluku,poor,0.19184984202647412
2016,Maluku,uc,0.000807924
2016,Maluku,vulnerable,0.29044618653110615
2016,Maluku Utara,amc,0.572993886
2016,Maluku Utara,mc,0.10841957502115133
2016,Maluku Utara,poor,0.063288232
2016,Maluku Utara,uc,0.00076585
2016,Maluku Utara,vulnerable,0.2545324570235126
2016,Nusa Tenggara Barat,amc,0.4202075918034311
2016,Nusa Tenggara Barat,mc,0.14104922402021278
2016,Nusa Tenggara Barat,poor,0.16481238014157515
2016,Nusa Tenggara Barat,uc,0.001130845
2016,Nusa Tenggara Barat,vulnerable,0.2727999587342734
2016,Nusa Tenggara Timur,amc,0.39119442064044263
2016,Nusa Tenggara Timur,mc,0.064794324
2016,Nusa Tenggara Timur,poor,0.22188349225842896
2016,Nusa Tenggara Timur,uc,0.00034138
2016,Nusa Tenggara Timur,vulnerable,0.32178638266417603
2016,Papua,amc,0.4243816450925176
2016,Papua,mc,0.1568593492438327
2016,Papua,poor,0.28542925723792606
2016,Papua,uc,0.000213932
2016,Papua,vulnerable,0.133115816
2016,Papua Barat,amc,0.4737822121375564
2016,Papua Barat,mc,0.11742309864788007
2016,Papua Barat,poor,0.2543251512302064
2016,Papua Barat,uc,0.000365563
2016,Papua Barat,vulnerable,0.15410397462192016
2016,Riau,amc,0.5169702188541394
2016,Riau,mc,0.1718624919093816
2016,Riau,poor,0.079765544
2016,Riau,uc,0.001208413
2016,Riau,vulnerable,0.23019333143255044
2016,Sulawesi Barat,amc,0.467604874
2016,Sulawesi Barat,mc,0.15520370476494552
2016,Sulawesi Barat,poor,0.11744990279019869
2016,Sulawesi Barat,uc,0.002314618
2016,Sulawesi Barat,vulnerable,0.2574269
2016,Sulawesi Selatan,amc,0.40158259547068526
2016,Sulawesi Selatan,mc,0.2808640742481695
2016,Sulawesi Selatan,poor,0.094006477
2016,Sulawesi Selatan,uc,0.009323829
2016,Sulawesi Selatan,vulnerable,0.21422302486450903
2016,Sulawesi Tengah,amc,0.4393395408895577
2016,Sulawesi Tengah,mc,0.14253327204595714
2016,Sulawesi Tengah,poor,0.1444898231536905
2016,Sulawesi Tengah,uc,0.000829474
2016,Sulawesi Tengah,vulnerable,0.27280788982550724
2016,Sulawesi Tenggara,amc,0.3558993362327468
2016,Sulawesi Tenggara,mc,0.28423054989162805
2016,Sulawesi Tenggara,poor,0.12878488858514303
2016,Sulawesi Tenggara,uc,0.005055095
2016,Sulawesi Tenggara,vulnerable,0.2260301306568079
2016,Sulawesi Utara,amc,0.39837692453718115
2016,Sulawesi Utara,mc,0.30019761373328313
2016,Sulawesi Utara,poor,0.083439245
2016,Sulawesi Utara,uc,0.005630981
2016,Sulawesi Utara,vulnerable,0.21235523596157352
2016,Sumatera Barat,amc,0.5113349494726674
2016,Sumatera Barat,mc,0.12895349595799496
2016,Sumatera Barat,poor,0.070858047
2016,Sumatera Barat,uc,0.001144563
2016,Sumatera Barat,vulnerable,0.2877089450017518
2016,Sumatera Selatan,amc,0.47987254981656396
2016,Sumatera Selatan,mc,0.1443705830490349
2016,Sumatera Selatan,poor,0.13538740435625585
2016,Sumatera Selatan,uc,0.001178353
2016,Sumatera Selatan,vulnerable,0.23919110961873993
2016,Sumatera Utara,amc,0.5525827667423817
2016,Sumatera Utara,mc,0.1056152176820192
2016,Sumatera Utara,poor,0.10354156081572016
2016,Sumatera Utara,uc,0.000808572
2016,Sumatera Utara,vulnerable,0.23745188323851094
2017,Aceh,amc,0.4553826820204365
2017,Aceh,mc,0.11111567159783027
2017,Aceh,poor,0.16891417948042625
2017,Aceh,uc,0.000780631
2017,Aceh,vulnerable,0.2638068361909991
2017,Bali,amc,0.4472907989712261
2017,Bali,mc,0.3759489523155642
2017,Bali,poor,0.042534325
2017,Bali,uc,0.006940595
2017,Bali,vulnerable,0.12728532858717118
2017,Banten,amc,0.479001304
2017,Banten,mc,0.2907517933080223
2017,Banten,poor,0.054497821
2017,Banten,uc,0.005335274
2017,Banten,vulnerable,0.17041380732847763
2017,Bengkulu,amc,0.44995722529627535
2017,Bengkulu,mc,0.12648167227488605
2017,Bengkulu,poor,0.16450415543039246
2017,Bengkulu,uc,0.000997284
2017,Bengkulu,vulnerable,0.2580596632729972
2017,DI Yogyakarta,amc,0.3733622518744693
2017,DI Yogyakarta,mc,0.2667006662248242
2017,DI Yogyakarta,poor,0.1302121166177888
2017,DI Yogyakarta,uc,0.005020047
2017,DI Yogyakarta,vulnerable,0.22470491830929162
2017,DKI Jakarta,amc,0.44256085663797395
2017,DKI Jakarta,mc,0.34611399255387154
2017,DKI Jakarta,poor,0.037651292603540415
2017,DKI Jakarta,uc,0.008664838
2017,DKI Jakarta,vulnerable,0.1650090203588344
2017,Gorontalo,amc,0.3768160775144762
2017,Gorontalo,mc,0.27546977244579823
2017,Gorontalo,poor,0.17646715048790565
2017,Gorontalo,uc,0.008281269
2017,Gorontalo,vulnerable,0.16296573073518164
2017,Jambi,amc,0.5483516792328701
2017,Jambi,mc,0.16381294014500405
2017,Jambi,poor,0.081850431
2017,Jambi,uc,0.001891219
2017,Jambi,vulnerable,0.20409373100253062
2017,Jawa Barat,amc,0.43045810726372663
2017,Jawa Barat,mc,0.2955554782026028
2017,Jawa Barat,poor,0.087073743
2017,Jawa Barat,uc,0.006486283
2017,Jawa Barat,vulnerable,0.1804263883230442
2017,Jawa Tengah,amc,0.4503215386821645
2017,Jawa Tengah,mc,0.1888146093066848
2017,Jawa Tengah,poor,0.13014512969115827
2017,Jawa Tengah,uc,0.002504283
2017,Jawa Tengah,vulnerable,0.2282144394177928
2017,Jawa Timur,amc,0.45884542925998706
2017,Jawa Timur,mc,0.20355660794870606
2017,Jawa Timur,poor,0.11766519991079633
2017,Jawa Timur,uc,0.006129916
2017,Jawa Timur,vulnerable,0.21380284717511758
2017,Kalimantan Barat,amc,0.5339523249519347
2017,Kalimantan Barat,mc,0.1654656793099606
2017,Kalimantan Barat,poor,0.078829879
2017,Kalimantan Barat,uc,0.000791792
2017,Kalimantan Barat,vulnerable,0.22096032431458584
2017,Kalimantan Selatan,amc,0.5350589209537685
2017,Kalimantan Selatan,mc,0.23368464123634095
2017,Kalimantan Selatan,poor,0.047255484
2017,Kalimantan Selatan,uc,0.003458638
2017,Kalimantan Selatan,vulnerable,0.1805423165569373
2017,Kalimantan Tengah,amc,0.5161913727012645
2017,Kalimantan Tengah,mc,0.23868353517315039
2017,Kalimantan Tengah,poor,0.053701062
2017,Kalimantan Tengah,uc,0.003407144
2017,Kalimantan Tengah,vulnerable,0.18801688560217716
2017,Kalimantan Timur,amc,0.5089478919784367
2017,Kalimantan Timur,mc,0.21707462612481002
2017,Kalimantan Timur,poor,0.061900480132877134
2017,Kalimantan Timur,uc,0.00213662
2017,Kalimantan Timur,vulnerable,0.2099403819977211
2017,Kalimantan Utara,amc,0.5876026126213248
2017,Kalimantan Utara,mc,0.12844014615503088
2017,Kalimantan Utara,poor,0.072240183
2017,Kalimantan Utara,uc,0.000292234
2017,Kalimantan Utara,vulnerable,0.21142482394433906
2017,Kepulauan Bangka Belitung,amc,0.6124138853595281
2017,Kepulauan Bangka Belitung,mc,0.11921613844111885
2017,Kepulauan Bangka Belitung,poor,0.052043545330451815
2017,Kepulauan Bangka Belitung,uc,0.001175225
2017,Kepulauan Bangka Belitung,vulnerable,0.21515120542999425
2017,Kepulauan Riau,amc,0.4795636532560708
2017,Kepulauan Riau,mc,0.3110731792843674
2017,Kepulauan Riau,poor,0.060596529403607456
2017,Kepulauan Riau,uc,0.000716678
2017,Kepulauan Riau,vulnerable,0.14804996052076433
2017,Lampung,amc,0.489697501
2017,Lampung,mc,0.12062999448529932
2017,Lampung,poor,0.13687457691362973
2017,Lampung,uc,0.001330379
2017,Lampung,vulnerable,0.2514675483921892
2017,Maluku,amc,0.446768462
2017,Maluku,mc,0.11252792279997478
2017,Maluku,poor,0.18448352923421907
2017,Maluku,uc,0.000701235
2017,Maluku,vulnerable,0.2555188505980861
2017,Maluku Utara,amc,0.5404629107730082
2017,Maluku Utara,mc,0.1474057322620652
2017,Maluku Utara,poor,0.063542385
2017,Maluku Utara,uc,0.000993434
2017,Maluku Utara,vulnerable,0.2475955382564704
2017,Nusa Tenggara Barat,amc,0.4466437020698355
2017,Nusa Tenggara Barat,mc,0.1633986358817719
2017,Nusa Tenggara Barat,poor,0.16066171460654027
2017,Nusa Tenggara Barat,uc,0.001755315
2017,Nusa Tenggara Barat,vulnerable,0.22754063198265997
2017,Nusa Tenggara Timur,amc,0.41499977466516985
2017,Nusa Tenggara Timur,mc,0.091844089
2017,Nusa Tenggara Timur,poor,0.2185228959304074
2017,Nusa Tenggara Timur,uc,0.000868842
2017,Nusa Tenggara Timur,vulnerable,0.2737643981323085
2017,Papua,amc,0.3990850994464703
2017,Papua,mc,0.19411177406827487
2017,Papua,poor,0.2761538203092347
2017,Papua,uc,0.000814389
2017,Papua,vulnerable,0.12983491685084803
2017,Papua Barat,amc,0.42148813983172856
2017,Papua Barat,mc,0.15675355186961187
2017,Papua Barat,poor,0.2510209899020467
2017,Papua Barat,uc,0.00222176
2017,Papua Barat,vulnerable,0.16851555842691304
2017,Riau,amc,0.5417611011998775
2017,Riau,mc,0.16438487420933298
2017,Riau,poor,0.077756115
2017,Riau,uc,0.001158233
2017,Riau,vulnerable,0.21493967646203047
2017,Sulawesi Barat,amc,0.4807229529871759
2017,Sulawesi Barat,mc,0.14908914951897143
2017,Sulawesi Barat,poor,0.11304372898159908
2017,Sulawesi Barat,uc,0.002207339
2017,Sulawesi Barat,vulnerable,0.25493682947015783
2017,Sulawesi Selatan,amc,0.40879131767427446
2017,Sulawesi Selatan,mc,0.318387629
2017,Sulawesi Selatan,poor,0.093787556
2017,Sulawesi Selatan,uc,0.00521536
2017,Sulawesi Selatan,vulnerable,0.1738181372137646
2017,Sulawesi Tengah,amc,0.4727546587382155
2017,Sulawesi Tengah,mc,0.150755985
2017,Sulawesi Tengah,poor,0.14140396378767378
2017,Sulawesi Tengah,uc,0.000827139
2017,Sulawesi Tengah,vulnerable,0.23425825401237146
2017,Sulawesi Tenggara,amc,0.40633334004590344
2017,Sulawesi Tenggara,mc,0.28842922814558764
2017,Sulawesi Tenggara,poor,0.12810154556459832
2017,Sulawesi Tenggara,uc,0.003675245
2017,Sulawesi Tenggara,vulnerable,0.17346064085368523
2017,Sulawesi Utara,amc,0.4196963856712898
2017,Sulawesi Utara,mc,0.32825752598109526
2017,Sulawesi Utara,poor,0.08100881
2017,Sulawesi Utara,uc,0.004673052
2017,Sulawesi Utara,vulnerable,0.16636422640550622
2017,Sumatera Barat,amc,0.5392079343582444
2017,Sumatera Barat,mc,0.13587477061210454
2017,Sumatera Barat,poor,0.068699057
2017,Sumatera Barat,uc,0.001225978
2017,Sumatera Barat,vulnerable,0.25499225986574153
2017,Sumatera Selatan,amc,0.4349368364236834
2017,Sumatera Selatan,mc,0.20163436506340768
2017,Sumatera Selatan,poor,0.13190172414217743
2017,Sumatera Selatan,uc,0.001021917
2017,Sumatera Selatan,vulnerable,0.23050515769314056
2017,Sumatera Utara,amc,0.5236025841943971
2017,Sumatera Utara,mc,0.11940016006997901
2017,Sumatera Utara,poor,0.10222538615186212
2017,Sumatera Utara,uc,0.00072125
2017,Sumatera Utara,vulnerable,0.25405061955954344
2018,Aceh,amc,0.46703770936212685
2018,Aceh,mc,0.109691713
2018,Aceh,poor,0.15965260050586852
2018,Aceh,uc,0.000541882
2018,Aceh,vulnerable,0.26307609605436777
2018,Bali,amc,0.46310019188075857
2018,Bali,mc,0.3606144501205732
2018,Bali,poor,0.040124652
2018,Bali,uc,0.005928052
2018,Bali,vulnerable,0.13023265402942397
2018,Banten,amc,0.48524567346509584
2018,Banten,mc,0.2868518519708915
2018,Banten,poor,0.052368255
2018,Banten,uc,0.004509366
2018,Banten,vulnerable,0.17102485410811835
2018,Bengkulu,amc,0.44193798771242243
2018,Bengkulu,mc,0.1437985583697893
2018,Bengkulu,poor,0.1543013119452556
2018,Bengkulu,uc,0.001439838
2018,Bengkulu,vulnerable,0.25852230370863466
2018,DI Yogyakarta,amc,0.4084493151219561
2018,DI Yogyakarta,mc,0.26109816359199595
2018,DI Yogyakarta,poor,0.12131303466763226
2018,DI Yogyakarta,uc,0.009242011
2018,DI Yogyakarta,vulnerable,0.19989747555464074
2018,DKI Jakarta,amc,0.47469738350094054
2018,DKI Jakarta,mc,0.313171654
2018,DKI Jakarta,poor,0.035724908
2018,DKI Jakarta,uc,0.008104838
2018,DKI Jakarta,vulnerable,0.1683012161765672
2018,Gorontalo,amc,0.387336115
2018,Gorontalo,mc,0.2671743783337928
2018,Gorontalo,poor,0.1680697430472043
2018,Gorontalo,uc,0.003561147
2018,Gorontalo,vulnerable,0.17385861646971879
2018,Jambi,amc,0.5177974769603765
2018,Jambi,mc,0.16661833724740382
2018,Jambi,poor,0.07920754
2018,Jambi,uc,0.001314467
2018,Jambi,vulnerable,0.23506217939744878
2018,Jawa Barat,amc,0.4452043920375331
2018,Jawa Barat,mc,0.3035667117524871
2018,Jawa Barat,poor,0.07451912
2018,Jawa Barat,uc,0.007148106
2018,Jawa Barat,vulnerable,0.16956167099779254
2018,Jawa Tengah,amc,0.46797234468192406
2018,Jawa Tengah,mc,0.20573580085365187
2018,Jawa Tengah,poor,0.11318359627555495
2018,Jawa Tengah,uc,0.004011781
2018,Jawa Tengah,vulnerable,0.2090964772575422
2018,Jawa Timur,amc,0.4608386027936266
2018,Jawa Timur,mc,0.21113471680505363
2018,Jawa Timur,poor,0.1098278564165405
2018,Jawa Timur,uc,0.004054964
2018,Jawa Timur,vulnerable,0.21414385989038986
2018,Kalimantan Barat,amc,0.5429766504970744
2018,Kalimantan Barat,mc,0.1640745704350255
2018,Kalimantan Barat,poor,0.077659257
2018,Kalimantan Barat,uc,0.002402657
2018,Kalimantan Barat,vulnerable,0.21288686542569216
2018,Kalimantan Selatan,amc,0.5565123659720814
2018,Kalimantan Selatan,mc,0.22842099927473866
2018,Kalimantan Selatan,poor,0.045365378316690866
2018,Kalimantan Selatan,uc,0.00246872
2018,Kalimantan Selatan,vulnerable,0.16723253621761375
2018,Kalimantan Tengah,amc,0.5270571616047139
2018,Kalimantan Tengah,mc,0.26097552660195433
2018,Kalimantan Tengah,poor,0.05174189
2018,Kalimantan Tengah,uc,0.003856432
2018,Kalimantan Tengah,vulnerable,0.1563689902343293
2018,Kalimantan Timur,amc,0.5276579138987528
2018,Kalimantan Timur,mc,0.20937983414114794
2018,Kalimantan Timur,poor,0.060295562
2018,Kalimantan Timur,uc,0.003700041
2018,Kalimantan Timur,vulnerable,0.19896664901333785
2018,Kalimantan Utara,amc,0.5520815615334033
2018,Kalimantan Utara,mc,0.1620776921178638
2018,Kalimantan Utara,poor,0.070918088
2018,Kalimantan Utara,uc,0.000308645
2018,Kalimantan Utara,vulnerable,0.21461401404722028
2018,Kepulauan Bangka Belitung,amc,0.5793872546686939
2018,Kepulauan Bangka Belitung,mc,0.11717076816750041
2018,Kepulauan Bangka Belitung,poor,0.052502846
2018,Kepulauan Bangka Belitung,vulnerable,0.2509391311884377
2018,Kepulauan Riau,amc,0.508007955
2018,Kepulauan Riau,mc,0.2567500095923036
2018,Kepulauan Riau,poor,0.062025071
2018,Kepulauan Riau,uc,0.000613973
2018,Kepulauan Riau,vulnerable,0.1726029913611687
2018,Lampung,amc,0.476310447
2018,Lampung,mc,0.13043148498538093
2018,Lampung,poor,0.13137962848841966
2018,Lampung,uc,0.001793519
2018,Lampung,vulnerable,0.26008492064744776
2018,Maluku,amc,0.47627192746492775
2018,Maluku,mc,0.10892220678324177
2018,Maluku,poor,0.18119810968120947
2018,Maluku,uc,0.001224339
2018,Maluku,vulnerable,0.23238341746443483
2018,Maluku Utara,amc,0.5346804351592208
2018,Maluku Utara,mc,0.15513893116740848
2018,Maluku Utara,poor,0.066403193
2018,Maluku Utara,uc,0.002482128
2018,Maluku Utara,vulnerable,0.24129531242541863
2018,Nusa Tenggara Barat,amc,0.43995328855056937
2018,Nusa Tenggara Barat,mc,0.2023788787345543
2018,Nusa Tenggara Barat,poor,0.14751773183581463
2018,Nusa Tenggara Barat,uc,0.002251726
2018,Nusa Tenggara Barat,vulnerable,0.20789837533270467
2018,Nusa Tenggara Timur,amc,0.4196486349082944
2018,Nusa Tenggara Timur,mc,0.0919467
2018,Nusa Tenggara Timur,poor,0.21347500157768945
2018,Nusa Tenggara Timur,uc,0.000632829
2018,Nusa Tenggara Timur,vulnerable,0.2742968350909376
2018,Papua,amc,0.41105037114715126
2018,Papua,mc,0.1685930502704712
2018,Papua,poor,0.2773857899498467
2018,Papua,uc,0.000980018
2018,Papua,vulnerable,0.14199077013566055
2018,Papua Barat,amc,0.40856218823999363
2018,Papua Barat,mc,0.19908225784737357
2018,Papua Barat,poor,0.2301425205363857
2018,Papua Barat,uc,0.002284352
2018,Papua Barat,vulnerable,0.1599286811492199
2018,Riau,amc,0.5472495407783101
2018,Riau,mc,0.15405493123197064
2018,Riau,poor,0.073861696
2018,Riau,uc,0.002714907
2018,Riau,vulnerable,0.22211892514992523
2018,Sulawesi Barat,amc,0.4754905261494283
2018,Sulawesi Barat,mc,0.18231103209758057
2018,Sulawesi Barat,poor,0.1124828260453132
2018,Sulawesi Barat,uc,0.002277547
2018,Sulawesi Barat,vulnerable,0.2274380686010581
2018,Sulawesi Selatan,amc,0.4229217099648196
2018,Sulawesi Selatan,mc,0.32469211390420594
2018,Sulawesi Selatan,poor,0.090571316
2018,Sulawesi Selatan,uc,0.00654799
2018,Sulawesi Selatan,vulnerable,0.15526686996186834
2018,Sulawesi Tengah,amc,0.47478603349576476
2018,Sulawesi Tengah,mc,0.14097293165744848
2018,Sulawesi Tengah,poor,0.14010010402487094
2018,Sulawesi Tengah,uc,0.00111508
2018,Sulawesi Tengah,vulnerable,0.24302585065022825
2018,Sulawesi Tenggara,amc,0.4153615654563838
2018,Sulawesi Tenggara,mc,0.3029720063020024
2018,Sulawesi Tenggara,poor,0.11629310264754508
2018,Sulawesi Tenggara,uc,0.005682502
2018,Sulawesi Tenggara,vulnerable,0.15969082313586422
2018,Sulawesi Utara,amc,0.42620378416445565
2018,Sulawesi Utara,mc,0.3282145133542097
2018,Sulawesi Utara,poor,0.077993721
2018,Sulawesi Utara,uc,0.007822433
2018,Sulawesi Utara,vulnerable,0.15976554912621393
2018,Sumatera Barat,amc,0.5355418839325725
2018,Sumatera Barat,mc,0.14994622176798894
2018,Sumatera Barat,poor,0.066543782
2018,Sumatera Barat,uc,0.001445515
2018,Sumatera Barat,vulnerable,0.2465225965813561
2018,Sumatera Selatan,amc,0.4612678919018147
2018,Sumatera Selatan,mc,0.17211308233321596
2018,Sumatera Selatan,poor,0.12802221811712983
2018,Sumatera Selatan,uc,0.001460101
2018,Sumatera Selatan,vulnerable,0.2371367070450107
2018,Sumatera Utara,amc,0.5215430785646142
2018,Sumatera Utara,mc,0.1410965078701133
2018,Sumatera Utara,poor,0.09215972
2018,Sumatera Utara,uc,0.001136892
2018,Sumatera Utara,vulnerable,0.24406380219663557
2019,Aceh,amc,0.45581679370542677
2019,Aceh,mc,0.10596389686135392
2019,Aceh,poor,0.15319877531243142
2019,Aceh,uc,0.000539683
2019,Aceh,vulnerable,0.28448085124897327
2019,Bali,amc,0.4710691456287674
2019,Bali,mc,0.3551449699272589
2019,Bali,poor,0.037878586
2019,Bali,uc,0.004011563
2019,Bali,vulnerable,0.13189573554125741
2019,Banten,amc,0.5023322526545805
2019,Banten,mc,0.2784383726549595
2019,Banten,poor,0.050861143
2019,Banten,uc,0.002327745
2019,Banten,vulnerable,0.16604048689644124
2019,Bengkulu,amc,0.4536112403376291
2019,Bengkulu,mc,0.13057159721569586
2019,Bengkulu,poor,0.15231836570838223
2019,Bengkulu,uc,0.001125856
2019,Bengkulu,vulnerable,0.2623729408457306
2019,DI Yogyakarta,amc,0.3953020532357256
2019,DI Yogyakarta,mc,0.2805148525367972
2019,DI Yogyakarta,poor,0.11700689735827415
2019,DI Yogyakarta,uc,0.006968702
2019,DI Yogyakarta,vulnerable,0.2002074949188143
2019,DKI Jakarta,amc,0.48534638410088315
2019,DKI Jakarta,mc,0.29970769890319227
2019,DKI Jakarta,poor,0.034697758
2019,DKI Jakarta,uc,0.010336572296279024
2019,DKI Jakarta,vulnerable,0.16991158673424442
2019,Gorontalo,amc,0.3785725568055363
2019,Gorontalo,mc,0.2940221936147884
2019,Gorontalo,poor,0.15523901969008236
2019,Gorontalo,uc,0.005612543
2019,Gorontalo,vulnerable,0.16655368719566804
2019,Jambi,amc,0.5329266290099886
2019,Jambi,mc,0.14727554984156566
2019,Jambi,poor,0.075970405
2019,Jambi,uc,0.001234616
2019,Jambi,vulnerable,0.24259279927821037
2019,Jawa Barat,amc,0.4601448944051568
2019,Jawa Barat,mc,0.2938311278625928
2019,Jawa Barat,poor,0.069147926
2019,Jawa Barat,uc,0.007483482
2019,Jawa Barat,vulnerable,0.1693925694256709
2019,Jawa Tengah,amc,0.4774376871633714
2019,Jawa Tengah,mc,0.19390184111365916
2019,Jawa Tengah,poor,0.1079943886597818
2019,Jawa Tengah,uc,0.003492745
2019,Jawa Tengah,vulnerable,0.2171733383671232
2019,Jawa Timur,amc,0.4788778970533636
2019,Jawa Timur,mc,0.1922075294249341
2019,Jawa Timur,poor,0.10371588392412431
2019,Jawa Timur,uc,0.003242635
2019,Jawa Timur,vulnerable,0.2219560548286841
2019,Kalimantan Barat,amc,0.5409387165235554
2019,Kalimantan Barat,mc,0.16133251816881194
2019,Kalimantan Barat,poor,0.074900338
2019,Kalimantan Barat,uc,0.001299793
2019,Kalimantan Barat,vulnerable,0.22152863425990027
2019,Kalimantan Selatan,amc,0.5501707824176854
2019,Kalimantan Selatan,mc,0.206840568
2019,Kalimantan Selatan,poor,0.04551865
2019,Kalimantan Selatan,uc,0.00365368
2019,Kalimantan Selatan,vulnerable,0.19381631988780298
2019,Kalimantan Tengah,amc,0.5297471785509845
2019,Kalimantan Tengah,mc,0.2607059186955428
2019,Kalimantan Tengah,poor,0.049829239011965724
2019,Kalimantan Tengah,uc,0.003680245
2019,Kalimantan Tengah,vulnerable,0.15603741834824858
2019,Kalimantan Timur,amc,0.5374052682955126
2019,Kalimantan Timur,mc,0.19810280206887326
2019,Kalimantan Timur,poor,0.059386841
2019,Kalimantan Timur,uc,0.003275316
2019,Kalimantan Timur,vulnerable,0.20182977318003717
2019,Kalimantan Utara,amc,0.532072465
2019,Kalimantan Utara,mc,0.12436792343236708
2019,Kalimantan Utara,poor,0.066303535
2019,Kalimantan Utara,uc,0.000167847
2019,Kalimantan Utara,vulnerable,0.2770882293622152
2019,Kepulauan Bangka Belitung,amc,0.6084631457820272
2019,Kepulauan Bangka Belitung,mc,0.10520760274112564
2019,Kepulauan Bangka Belitung,poor,0.046153751
2019,Kepulauan Bangka Belitung,uc,0.000240492
2019,Kepulauan Bangka Belitung,vulnerable,0.23993500830738348
2019,Kepulauan Riau,amc,0.4833680955235012
2019,Kepulauan Riau,mc,0.28899149600616325
2019,Kepulauan Riau,poor,0.059028931
2019,Kepulauan Riau,uc,0.003034069
2019,Kepulauan Riau,vulnerable,0.16557740864334305
2019,Lampung,amc,0.4920618312364251
2019,Lampung,mc,0.11786666281835617
2019,Lampung,poor,0.1262002665917158
2019,Lampung,uc,0.000833183
2019,Lampung,vulnerable,0.26303805635325944
2019,Maluku,amc,0.4463391137832433
2019,Maluku,mc,0.092204097
2019,Maluku,poor,0.1769327075574585
2019,Maluku,uc,0.000748529
2019,Maluku,vulnerable,0.2837755524016125
2019,Maluku Utara,amc,0.55993416
2019,Maluku Utara,mc,0.1315380166986727
2019,Maluku Utara,poor,0.067678927
2019,Maluku Utara,uc,0.000637273
2019,Maluku Utara,vulnerable,0.24021162367276258
2019,Nusa Tenggara Barat,amc,0.43625219315864083
2019,Nusa Tenggara Barat,mc,0.2287448536475324
2019,Nusa Tenggara Barat,poor,0.14555705329524654
2019,Nusa Tenggara Barat,uc,0.002879035
2019,Nusa Tenggara Barat,vulnerable,0.18656686497727593
2019,Nusa Tenggara Timur,amc,0.4317885159235496
2019,Nusa Tenggara Timur,mc,0.095897813
2019,Nusa Tenggara Timur,poor,0.21091678538979242
2019,Nusa Tenggara Timur,uc,0.000977451
2019,Nusa Tenggara Timur,vulnerable,0.260419434
2019,Papua,amc,0.39994652448767615
2019,Papua,mc,0.16912478546310522
2019,Papua,poor,0.2752899508815335
2019,Papua,uc,0.000728791
2019,Papua,vulnerable,0.15490994812963418
2019,Papua Barat,amc,0.4395502073221175
2019,Papua Barat,mc,0.18027552759008714
2019,Papua Barat,poor,0.2216870892252421
2019,Papua Barat,uc,0.001454177
2019,Papua Barat,vulnerable,0.1570329993390678
2019,Riau,amc,0.5432685553086706
2019,Riau,mc,0.14529361923944673
2019,Riau,poor,0.070788388
2019,Riau,uc,0.001769551
2019,Riau,vulnerable,0.23887988631571527
2019,Sulawesi Barat,amc,0.4749765484488232
2019,Sulawesi Barat,mc,0.19166675809553957
2019,Sulawesi Barat,poor,0.11018352914923173
2019,Sulawesi Barat,uc,0.003866892
2019,Sulawesi Barat,vulnerable,0.21930627240596617
2019,Sulawesi Selatan,amc,0.45660608844523387
2019,Sulawesi Selatan,mc,0.2880870559524463
2019,Sulawesi Selatan,poor,0.086939604
2019,Sulawesi Selatan,uc,0.004565865
2019,Sulawesi Selatan,vulnerable,0.16380138721637813
2019,Sulawesi Tengah,amc,0.4933798242097255
2019,Sulawesi Tengah,mc,0.13462826494490115
2019,Sulawesi Tengah,poor,0.13484915254523702
2019,Sulawesi Tengah,uc,0.001414997
2019,Sulawesi Tengah,vulnerable,0.2357277609768213
2019,Sulawesi Tenggara,amc,0.4191771435047917
2019,Sulawesi Tenggara,mc,0.301532026
2019,Sulawesi Tenggara,poor,0.11240334960230634
2019,Sulawesi Tenggara,uc,0.003696464
2019,Sulawesi Tenggara,vulnerable,0.16319101646116052
2019,Sulawesi Utara,amc,0.456837757
2019,Sulawesi Utara,mc,0.30529170055291865
2019,Sulawesi Utara,poor,0.076583714
2019,Sulawesi Utara,uc,0.003374243
2019,Sulawesi Utara,vulnerable,0.1579125853967442
2019,Sumatera Barat,amc,0.5529236528870805
2019,Sumatera Barat,mc,0.1327722640888573
2019,Sumatera Barat,poor,0.064172003
2019,Sumatera Barat,uc,0.001313994
2019,Sumatera Barat,vulnerable,0.24881808624871654
2019,Sumatera Selatan,amc,0.47290427948357333
2019,Sumatera Selatan,mc,0.16799767199644583
2019,Sumatera Selatan,poor,0.12713783281244428
2019,Sumatera Selatan,uc,0.001025302
2019,Sumatera Selatan,vulnerable,0.23093491372971042
2019,Sumatera Utara,amc,0.5390564215814015
2019,Sumatera Utara,mc,0.1237300156165606
2019,Sumatera Utara,poor,0.088260197
2019,Sumatera Utara,uc,0.001746414
2019,Sumatera Utara,vulnerable,0.24720695149635033
2020,Aceh,amc,0.4642971940368705
2020,Aceh,mc,0.099376447
2020,Aceh,poor,0.14986368438397185
2020,Aceh,uc,0.001446825
2020,Aceh,vulnerable,0.28501584981555333
2020,Bali,amc,0.4531247660190465
2020,Bali,mc,0.37090159471528905
2020,Bali,poor,0.037803144
2020,Bali,uc,0.003431671
2020,Bali,vulnerable,0.13473882405192458
2020,Banten,amc,0.521642053
2020,Banten,mc,0.2512899532248307
2020,Banten,poor,0.059227218
2020,Banten,uc,0.003831591
2020,Banten,vulnerable,0.16400918387622315
2020,Bengkulu,amc,0.47746111786925394
2020,Bengkulu,mc,0.10882101302980593
2020,Bengkulu,poor,0.1503264068161681
2020,Bengkulu,uc,0.001174406
2020,Bengkulu,vulnerable,0.26221705608851087
2020,DI Yogyakarta,amc,0.39966546806186104
2020,DI Yogyakarta,mc,0.25874711698841124
2020,DI Yogyakarta,poor,0.12284799589169833
2020,DI Yogyakarta,uc,0.005354627
2020,DI Yogyakarta,vulnerable,0.21338479206595742
2020,DKI Jakarta,amc,0.48523784751083454
2020,DKI Jakarta,mc,0.29005136218393957
2020,DKI Jakarta,poor,0.045265645098701714
2020,DKI Jakarta,uc,0.006810379
2020,DKI Jakarta,vulnerable,0.17263476584984755
2020,Gorontalo,amc,0.41082338423539727
2020,Gorontalo,mc,0.25652085768773797
2020,Gorontalo,poor,0.1522359802982605
2020,Gorontalo,uc,0.003961803
2020,Gorontalo,vulnerable,0.17645797523152304
2020,Jambi,amc,0.5067405550271085
2020,Jambi,mc,0.1522566647068178
2020,Jambi,poor,0.075808217
2020,Jambi,uc,0.000404142
2020,Jambi,vulnerable,0.26479042105628353
2020,Jawa Barat,amc,0.44790808543757576
2020,Jawa Barat,mc,0.2880851511041205
2020,Jawa Barat,poor,0.078750449
2020,Jawa Barat,uc,0.006678185
2020,Jawa Barat,vulnerable,0.17857812922361727
2020,Jawa Tengah,amc,0.46770420119581974
2020,Jawa Tengah,mc,0.19813051715258898
2020,Jawa Tengah,poor,0.11411640165938974
2020,Jawa Tengah,uc,0.002806157
2020,Jawa Tengah,vulnerable,0.21724272283194665
2020,Jawa Timur,amc,0.4695099580786264
2020,Jawa Timur,mc,0.19047144501848862
2020,Jawa Timur,poor,0.11092297068662377
2020,Jawa Timur,uc,0.002565356
2020,Jawa Timur,vulnerable,0.22653027006985935
2020,Kalimantan Barat,amc,0.5478590949129949
2020,Kalimantan Barat,mc,0.15124960459644812
2020,Kalimantan Barat,poor,0.071659353
2020,Kalimantan Barat,uc,0.000757162
2020,Kalimantan Barat,vulnerable,0.22847478586110398
2020,Kalimantan Selatan,amc,0.5515011307389468
2020,Kalimantan Selatan,mc,0.19479535898582045
2020,Kalimantan Selatan,poor,0.043804254440677225
2020,Kalimantan Selatan,uc,0.002139415
2020,Kalimantan Selatan,vulnerable,0.20775984035245454
2020,Kalimantan Tengah,amc,0.5570689988958007
2020,Kalimantan Tengah,mc,0.21199867813228068
2020,Kalimantan Tengah,poor,0.048244331
2020,Kalimantan Tengah,uc,0.001642278
2020,Kalimantan Tengah,vulnerable,0.18104571417004203
2020,Kalimantan Timur,amc,0.5719233717868734
2020,Kalimantan Timur,mc,0.18620386194686545
2020,Kalimantan Timur,poor,0.060995456
2020,Kalimantan Timur,uc,0.002712766
2020,Kalimantan Timur,vulnerable,0.1781645438788107
2020,Kalimantan Utara,amc,0.5810759000823933
2020,Kalimantan Utara,mc,0.12162296628503305
2020,Kalimantan Utara,poor,0.067975535
2020,Kalimantan Utara,uc,0.001204641
2020,Kalimantan Utara,vulnerable,0.22812095764899623
2020,Kepulauan Bangka Belitung,amc,0.5527038557414711
2020,Kepulauan Bangka Belitung,mc,0.098548885
2020,Kepulauan Bangka Belitung,poor,0.045284166
2020,Kepulauan Bangka Belitung,uc,2.6675036954450216e-05
2020,Kepulauan Bangka Belitung,vulnerable,0.30343641895580975
2020,Kepulauan Riau,amc,0.5208547556829759
2020,Kepulauan Riau,mc,0.25353717032297285
2020,Kepulauan Riau,poor,0.059205314131046065
2020,Kepulauan Riau,uc,0.00103692
2020,Kepulauan Riau,vulnerable,0.16536583971494004
2020,Lampung,amc,0.48069124683440717
2020,Lampung,mc,0.10221567459436824
2020,Lampung,poor,0.12340838437009045
2020,Lampung,uc,0.001933435
2020,Lampung,vulnerable,0.2917512587817647
2020,Maluku,amc,0.4392249731599712
2020,Maluku,mc,0.101856879
2020,Maluku,poor,0.17438395589836322
2020,Maluku,uc,4.2062831990252955e-05
2020,Maluku,vulnerable,0.28449212889953934
2020,Maluku Utara,amc,0.5616377167461989
2020,Maluku Utara,mc,0.1374049067669111
2020,Maluku Utara,poor,0.067846886
2020,Maluku Utara,uc,0.000723819
2020,Maluku Utara,vulnerable,0.23238667202857316
2020,Nusa Tenggara Barat,amc,0.4241413421940914
2020,Nusa Tenggara Barat,mc,0.240831388
2020,Nusa Tenggara Barat,poor,0.13965551622166666
2020,Nusa Tenggara Barat,uc,0.001803071
2020,Nusa Tenggara Barat,vulnerable,0.19356868332663044
2020,Nusa Tenggara Timur,amc,0.4220989540688698
2020,Nusa Tenggara Timur,mc,0.087192636
2020,Nusa Tenggara Timur,poor,0.2090147304665146
2020,Nusa Tenggara Timur,uc,0.000787335
2020,Nusa Tenggara Timur,vulnerable,0.2809063444074707
2020,Papua,amc,0.4178138744286225
2020,Papua,mc,0.1771431964876518
2020,Papua,poor,0.26637868675719434
2020,Papua,uc,0.000508637
2020,Papua,vulnerable,0.13815560568748297
2020,Papua Barat,amc,0.4289026631874877
2020,Papua Barat,mc,0.1660940568684323
2020,Papua Barat,poor,0.21365552911075122
2020,Papua Barat,uc,0.000953971
2020,Papua Barat,vulnerable,0.19039378016320077
2020,Riau,amc,0.5709740953254198
2020,Riau,mc,0.1418280137048968
2020,Riau,poor,0.068190064
2020,Riau,uc,0.002177684
2020,Riau,vulnerable,0.21683014356470773
2020,Sulawesi Barat,amc,0.4782490664745905
2020,Sulawesi Barat,mc,0.18290186205745293
2020,Sulawesi Barat,poor,0.10867661701872397
2020,Sulawesi Barat,uc,0.003391287
2020,Sulawesi Barat,vulnerable,0.22678116742866827
2020,Sulawesi Selatan,amc,0.444767072
2020,Sulawesi Selatan,mc,0.27724884403111233
2020,Sulawesi Selatan,poor,0.087198602
2020,Sulawesi Selatan,uc,0.004241928
2020,Sulawesi Selatan,vulnerable,0.18654355364658262
2020,Sulawesi Tengah,amc,0.4856000860492506
2020,Sulawesi Tengah,mc,0.1301862821063123
2020,Sulawesi Tengah,poor,0.1291965255916101
2020,Sulawesi Tengah,uc,0.000700394
2020,Sulawesi Tengah,vulnerable,0.25431671228927094
2020,Sulawesi Tenggara,amc,0.4288873127737184
2020,Sulawesi Tenggara,mc,0.2671475867196065
2020,Sulawesi Tenggara,poor,0.11003978354907766
2020,Sulawesi Tenggara,uc,0.00387414
2020,Sulawesi Tenggara,vulnerable,0.1900511772091874
2020,Sulawesi Utara,amc,0.45777512515988844
2020,Sulawesi Utara,mc,0.2997166661745786
2020,Sulawesi Utara,poor,0.07623528
2020,Sulawesi Utara,uc,0.002707983
2020,Sulawesi Utara,vulnerable,0.16356494633403063
2020,Sumatera Barat,amc,0.5385302021855357
2020,Sumatera Barat,mc,0.12695151811640362
2020,Sumatera Barat,poor,0.062766953
2020,Sumatera Barat,uc,0.000661539
2020,Sumatera Barat,vulnerable,0.2710897873818616
2020,Sumatera Selatan,amc,0.46863696157306056
2020,Sumatera Selatan,mc,0.1561515912124259
2020,Sumatera Selatan,poor,0.12659699692554577
2020,Sumatera Selatan,uc,0.00067255
2020,Sumatera Selatan,vulnerable,0.24794190073017183
2020,Sumatera Utara,amc,0.5296987837649172
2020,Sumatera Utara,mc,0.12379611271073208
2020,Sumatera Utara,poor,0.087488003
2020,Sumatera Utara,uc,0.001311481
2020,Sumatera Utara,vulnerable,0.25770562004981595
2021,Aceh,amc,0.4787330302846506
2021,Aceh,mc,0.10238312343946439
2021,Aceh,poor,0.15331753707692405
2021,Aceh,uc,0.000894091
2021,Aceh,vulnerable,0.264672218
2021,Bali,amc,0.4932592695173033
2021,Bali,mc,0.29390089404387365
2021,Bali,poor,0.045349799290283925
2021,Bali,uc,0.005607583
2021,Bali,vulnerable,0.1618824543808939
2021,Banten,amc,0.5273854035577674
2021,Banten,mc,0.21799554812946018
2021,Banten,poor,0.066560204
2021,Banten,uc,0.003856668
2021,Banten,vulnerable,0.18420217595895538
2021,Bengkulu,amc,0.4836569513904406
2021,Bengkulu,mc,0.084007946
2021,Bengkulu,poor,0.15217099408280912
2021,Bengkulu,uc,0.001295446
2021,Bengkulu,vulnerable,0.27886866245365227
2021,DI Yogyakarta,amc,0.40821760381338124
2021,DI Yogyakarta,mc,0.2234951214755353
2021,DI Yogyakarta,poor,0.1279757793739562
2021,DI Yogyakarta,uc,0.00854548
2021,DI Yogyakarta,vulnerable,0.23176601488975895
2021,DKI Jakarta,amc,0.4632499884807919
2021,DKI Jakarta,mc,0.29011056402874347
2021,DKI Jakarta,poor,0.047225041
2021,DKI Jakarta,uc,0.010513391830369622
2021,DKI Jakarta,vulnerable,0.18890101514749372
2021,Gorontalo,amc,0.43483885589743526
2021,Gorontalo,mc,0.25407850736849236
2021,Gorontalo,poor,0.15608760300758776
2021,Gorontalo,uc,0.004908725
2021,Gorontalo,vulnerable,0.15008630901673622
2021,Jambi,amc,0.5277436280644011
2021,Jambi,mc,0.13869748794261239
2021,Jambi,poor,0.080908028
2021,Jambi,uc,0.000961901
2021,Jambi,vulnerable,0.2516889548133703
2021,Jawa Barat,amc,0.4566991464638658
2021,Jawa Barat,mc,0.27399481478930277
2021,Jawa Barat,poor,0.083960137
2021,Jawa Barat,uc,0.008119153
2021,Jawa Barat,vulnerable,0.17722674883396372
2021,Jawa Tengah,amc,0.4693224403953577
2021,Jawa Tengah,mc,0.18172165838695667
2021,Jawa Tengah,poor,0.11785153450807481
2021,Jawa Tengah,uc,0.00360905
2021,Jawa Tengah,vulnerable,0.2274953171647464
2021,Jawa Timur,amc,0.4597044131517815
2021,Jawa Timur,mc,0.1959609299081558
2021,Jawa Timur,poor,0.11401479512901151
2021,Jawa Timur,uc,0.002743273
2021,Jawa Timur,vulnerable,0.22757658920701726
2021,Kalimantan Barat,amc,0.5629703284732289
2021,Kalimantan Barat,mc,0.14135745450671072
2021,Kalimantan Barat,poor,0.071458081
2021,Kalimantan Barat,uc,0.000240895
2021,Kalimantan Barat,vulnerable,0.22397324024790824
2021,Kalimantan Selatan,amc,0.5773340149272477
2021,Kalimantan Selatan,mc,0.18017495330708855
2021,Kalimantan Selatan,poor,0.048319211939444516
2021,Kalimantan Selatan,uc,0.002734837
2021,Kalimantan Selatan,vulnerable,0.19143698325766176
2021,Kalimantan Tengah,amc,0.5529207409556844
2021,Kalimantan Tengah,mc,0.21967259465784933
2021,Kalimantan Tengah,poor,0.051617052
2021,Kalimantan Tengah,uc,0.002285621
2021,Kalimantan Tengah,vulnerable,0.1735039916384069
2021,Kalimantan Timur,amc,0.5506900530215202
2021,Kalimantan Timur,mc,0.15947045327081041
2021,Kalimantan Timur,poor,0.065381514
2021,Kalimantan Timur,uc,0.001954637
2021,Kalimantan Timur,vulnerable,0.22250334286094242
2021,Kalimantan Utara,amc,0.5523214440801733
2021,Kalimantan Utara,mc,0.10191996658926543
2021,Kalimantan Utara,poor,0.073632703
2021,Kalimantan Utara,uc,0.001756529
2021,Kalimantan Utara,vulnerable,0.2703693575022231
2021,Kepulauan Bangka Belitung,amc,0.5896261105570791
2021,Kepulauan Bangka Belitung,mc,0.073344479
2021,Kepulauan Bangka Belitung,poor,0.049011446
2021,Kepulauan Bangka Belitung,uc,0.000419292
2021,Kepulauan Bangka Belitung,vulnerable,0.2875986725846211
2021,Kepulauan Riau,amc,0.49667567730777423
2021,Kepulauan Riau,mc,0.26567870849694936
2021,Kepulauan Riau,poor,0.061179536065594516
2021,Kepulauan Riau,uc,0.001617788
2021,Kepulauan Riau,vulnerable,0.17484828967492466
2021,Lampung,amc,0.5064987054133728
2021,Lampung,mc,0.11117219390627968
2021,Lampung,poor,0.12616920551656988
2021,Lampung,uc,0.000653659
2021,Lampung,vulnerable,0.25550623614300516
2021,Maluku,amc,0.4418385142253304
2021,Maluku,mc,0.07812598
2021,Maluku,poor,0.17870637633210448
2021,Maluku,uc,0.000709026
2021,Maluku,vulnerable,0.3006201036174774
2021,Maluku Utara,amc,0.5573963197198168
2021,Maluku Utara,mc,0.14140682285875514
2021,Maluku Utara,poor,0.0689147
2021,Maluku Utara,uc,0.00070551
2021,Maluku Utara,vulnerable,0.2315766470868502
2021,Nusa Tenggara Barat,amc,0.46679765004233326
2021,Nusa Tenggara Barat,mc,0.2394647101995968
2021,Nusa Tenggara Barat,poor,0.1414055458434733
2021,Nusa Tenggara Barat,uc,0.002921289
2021,Nusa Tenggara Barat,vulnerable,0.1494108044531795
2021,Nusa Tenggara Timur,amc,0.4503470431701055
2021,Nusa Tenggara Timur,mc,0.096132193
2021,Nusa Tenggara Timur,poor,0.20993733725268823
2021,Nusa Tenggara Timur,uc,0.000411787
2021,Nusa Tenggara Timur,vulnerable,0.2431716399750139
2021,Papua,amc,0.39720782203812377
2021,Papua,mc,0.17896075439149797
2021,Papua,poor,0.2685931742336974
2021,Papua,uc,0.000712583
2021,Papua,vulnerable,0.15452566656720862
2021,Papua Barat,amc,0.4453449131140389
2021,Papua Barat,mc,0.16069841133399648
2021,Papua Barat,poor,0.21842216203689918
2021,Papua Barat,uc,0.001561949
2021,Papua Barat,vulnerable,0.17397256427668809
2021,Riau,amc,0.5540802235156451
2021,Riau,mc,0.13111175736155664
2021,Riau,poor,0.071163173
2021,Riau,uc,0.001781678
2021,Riau,vulnerable,0.24186316812205425
2021,Sulawesi Barat,amc,0.47312965789045497
2021,Sulawesi Barat,mc,0.1607838912254212
2021,Sulawesi Barat,poor,0.11291782415594391
2021,Sulawesi Barat,uc,0.004405953
2021,Sulawesi Barat,vulnerable,0.24876267369049368
2021,Sulawesi Selatan,amc,0.4592427838783281
2021,Sulawesi Selatan,mc,0.26571982086993085
2021,Sulawesi Selatan,poor,0.087812406
2021,Sulawesi Selatan,uc,0.004617603
2021,Sulawesi Selatan,vulnerable,0.18260738698412932
2021,Sulawesi Tengah,amc,0.4812648092778719
2021,Sulawesi Tengah,mc,0.11305776058783472
2021,Sulawesi Tengah,poor,0.13000280967415231
2021,Sulawesi Tengah,uc,0.000897999
2021,Sulawesi Tengah,vulnerable,0.2747766215261741
2021,Sulawesi Tenggara,amc,0.4363820445409524
2021,Sulawesi Tenggara,mc,0.24482429952613943
2021,Sulawesi Tenggara,poor,0.11660462195722562
2021,Sulawesi Tenggara,uc,0.00541603
2021,Sulawesi Tenggara,vulnerable,0.19677300407749887
2021,Sulawesi Utara,amc,0.47058020261384914
2021,Sulawesi Utara,mc,0.26726716942085416
2021,Sulawesi Utara,poor,0.07771617
2021,Sulawesi Utara,uc,0.004179098
2021,Sulawesi Utara,vulnerable,0.18025735942803547
2021,Sumatera Barat,amc,0.5486177802704342
2021,Sumatera Barat,mc,0.12366267540150465
2021,Sumatera Barat,poor,0.066256462
2021,Sumatera Barat,uc,0.000879824
2021,Sumatera Barat,vulnerable,0.26058325859070725
2021,Sumatera Selatan,amc,0.45777425647898834
2021,Sumatera Selatan,mc,0.18270067411440227
2021,Sumatera Selatan,poor,0.1283562456504645
2021,Sumatera Selatan,uc,0.001222838
2021,Sumatera Selatan,vulnerable,0.2299459856341415
2021,Sumatera Utara,amc,0.5361291743525943
2021,Sumatera Utara,mc,0.096929174
2021,Sumatera Utara,poor,0.090101204
2021,Sumatera Utara,uc,0.001938455
2021,Sumatera Utara,vulnerable,0.27490199234804596
2022,Aceh,amc,0.494848222
2022,Aceh,mc,0.088555071
2022,Aceh,poor,0.14637374714379023
2022,Aceh,uc,0.00064566
2022,Aceh,vulnerable,0.26957729909696343
2022,Bali,amc,0.5309409388055834
2022,Bali,mc,0.23427366985010822
2022,Bali,poor,0.045650767246356555
2022,Bali,uc,0.003535997
2022,Bali,vulnerable,0.18559862746646572
2022,Banten,amc,0.5298183441656701
2022,Banten,mc,0.21946873743802914
2022,Banten,poor,0.061635566724222296
2022,Banten,uc,0.003769897
2022,Banten,vulnerable,0.1853074547611907
2022,Bengkulu,amc,0.47636686032793135
2022,Bengkulu,mc,0.084926491
2022,Bengkulu,poor,0.14622415930232024
2022,Bengkulu,uc,0.000689634
2022,Bengkulu,vulnerable,0.29179285489545015
2022,DI Yogyakarta,amc,0.42559353341504674
2022,DI Yogyakarta,mc,0.19144334497180374
2022,DI Yogyakarta,poor,0.11343926856037492
2022,DI Yogyakarta,uc,0.007577708
2022,DI Yogyakarta,vulnerable,0.26194614456781634
2022,DKI Jakarta,amc,0.49959391428182537
2022,DKI Jakarta,mc,0.26465350313709507
2022,DKI Jakarta,poor,0.046940155
2022,DKI Jakarta,uc,0.012223520811367567
2022,DKI Jakarta,vulnerable,0.17658890634025592
2022,Gorontalo,amc,0.4153847857311548
2022,Gorontalo,mc,0.22084727083492026
2022,Gorontalo,poor,0.1541501374835706
2022,Gorontalo,uc,0.004879625
2022,Gorontalo,vulnerable,0.20473818071244168
2022,Jambi,amc,0.5268127972595568
2022,Jambi,mc,0.1345385804223188
2022,Jambi,poor,0.076152258
2022,Jambi,uc,0.002200091
2022,Jambi,vulnerable,0.26029627342421163
2022,Jawa Barat,amc,0.4609247206254677
2022,Jawa Barat,mc,0.2584557122435644
2022,Jawa Barat,poor,0.080605975
2022,Jawa Barat,uc,0.008224209
2022,Jawa Barat,vulnerable,0.19178938259492953
2022,Jawa Tengah,amc,0.48309919584385264
2022,Jawa Tengah,mc,0.17015421142717638
2022,Jawa Tengah,poor,0.10932289656563023
2022,Jawa Tengah,uc,0.003718588
2022,Jawa Tengah,vulnerable,0.23370510814881296
2022,Jawa Timur,amc,0.48329494679608276
2022,Jawa Timur,mc,0.16524837014162108
2022,Jawa Timur,poor,0.10375285042087816
2022,Jawa Timur,uc,0.002751739
2022,Jawa Timur,vulnerable,0.24495209390842843
2022,Kalimantan Barat,amc,0.5714677466487671
2022,Kalimantan Barat,mc,0.13067702861553784
2022,Kalimantan Barat,poor,0.067280479
2022,Kalimantan Barat,uc,0.001142
2022,Kalimantan Barat,vulnerable,0.229432746
2022,Kalimantan Selatan,amc,0.598582925
2022,Kalimantan Selatan,mc,0.14992002336962296
2022,Kalimantan Selatan,poor,0.044909044
2022,Kalimantan Selatan,uc,0.002309825
2022,Kalimantan Selatan,vulnerable,0.20427818167061018
2022,Kalimantan Tengah,amc,0.5660515993407069
2022,Kalimantan Tengah,mc,0.19965757817580534
2022,Kalimantan Tengah,poor,0.052787117880303484
2022,Kalimantan Tengah,uc,0.001020739
2022,Kalimantan Tengah,vulnerable,0.18048296559880636
2022,Kalimantan Timur,amc,0.5782926364330077
2022,Kalimantan Timur,mc,0.14365588717393665
2022,Kalimantan Timur,poor,0.063140561
2022,Kalimantan Timur,uc,0.002343277
2022,Kalimantan Timur,vulnerable,0.2125676384351009
2022,Kalimantan Utara,amc,0.5463612879064957
2022,Kalimantan Utara,mc,0.095751412
2022,Kalimantan Utara,poor,0.067675338
2022,Kalimantan Utara,uc,8.515673105560137e-05
2022,Kalimantan Utara,vulnerable,0.29012680602553814
2022,Kepulauan Bangka Belitung,amc,0.6252534431375939
2022,Kepulauan Bangka Belitung,mc,0.07639599
2022,Kepulauan Bangka Belitung,poor,0.044465531
2022,Kepulauan Bangka Belitung,uc,7.57695448403952e-05
2022,Kepulauan Bangka Belitung,vulnerable,0.25380926638197226
2022,Kepulauan Riau,amc,0.560173577
2022,Kepulauan Riau,mc,0.18725484670736084
2022,Kepulauan Riau,poor,0.06237878
2022,Kepulauan Riau,uc,0.000835864
2022,Kepulauan Riau,vulnerable,0.189356932
2022,Lampung,amc,0.489357494
2022,Lampung,mc,0.098563378
2022,Lampung,poor,0.11568762677015473
2022,Lampung,uc,0.00121888
2022,Lampung,vulnerable,0.29517262034801595
2022,Maluku,amc,0.43926634396783426
2022,Maluku,mc,0.07744947
2022,Maluku,poor,0.15974290034964944
2022,Maluku,vulnerable,0.3235412856123455
2022,Maluku Utara,amc,0.5807311569598621
2022,Maluku Utara,mc,0.1032137716311445
2022,Maluku Utara,poor,0.062342201
2022,Maluku Utara,uc,0.000645131
2022,Maluku Utara,vulnerable,0.25306773914809205
2022,Nusa Tenggara Barat,amc,0.48018912185054885
2022,Nusa Tenggara Barat,mc,0.182736062
2022,Nusa Tenggara Barat,poor,0.13675271251758428
2022,Nusa Tenggara Barat,uc,0.003147323
2022,Nusa Tenggara Barat,vulnerable,0.19717478019635665
2022,Nusa Tenggara Timur,amc,0.4080453640709906
2022,Nusa Tenggara Timur,mc,0.087036387
2022,Nusa Tenggara Timur,poor,0.2004889353648636
2022,Nusa Tenggara Timur,uc,0.000404954
2022,Nusa Tenggara Timur,vulnerable,0.30402435896547625
2022,Papua,amc,0.4009203414878787
2022,Papua,mc,0.1690419135527497
2022,Papua,poor,0.2656139052005003
2022,Papua,uc,0.001554608
2022,Papua,vulnerable,0.16286923198432232
2022,Papua Barat,amc,0.43697572690281966
2022,Papua Barat,mc,0.14288000991996647
2022,Papua Barat,poor,0.21325834358885326
2022,Papua Barat,uc,0.000295121
2022,Papua Barat,vulnerable,0.20659079845343184
2022,Riau,amc,0.5558215281415655
2022,Riau,mc,0.12661583685495847
2022,Riau,poor,0.067812749
2022,Riau,uc,0.002489526
2022,Riau,vulnerable,0.24726036068314158
2022,Sulawesi Barat,amc,0.4505415531204714
2022,Sulawesi Barat,mc,0.14127868449938508
2022,Sulawesi Barat,poor,0.11748800903746327
2022,Sulawesi Barat,uc,0.004336684
2022,Sulawesi Barat,vulnerable,0.286355069
2022,Sulawesi Selatan,amc,0.48267374098836074
2022,Sulawesi Selatan,mc,0.23565501389924928
2022,Sulawesi Selatan,poor,0.086327514
2022,Sulawesi Selatan,uc,0.004948296
2022,Sulawesi Selatan,vulnerable,0.19039543539691448
2022,Sulawesi Tengah,amc,0.49284183980482793
2022,Sulawesi Tengah,mc,0.097696084
2022,Sulawesi Tengah,poor,0.1232876852397636
2022,Sulawesi Tengah,uc,0.000295951
2022,Sulawesi Tengah,vulnerable,0.2858784392557334
2022,Sulawesi Tenggara,amc,0.4563048457844454
2022,Sulawesi Tenggara,mc,0.22090290292248055
2022,Sulawesi Tenggara,poor,0.1117194705609453
2022,Sulawesi Tenggara,uc,0.003837567
2022,Sulawesi Tenggara,vulnerable,0.20723521385663238
2022,Sulawesi Utara,amc,0.45825489159994387
2022,Sulawesi Utara,mc,0.26492316763797125
2022,Sulawesi Utara,poor,0.072776502
2022,Sulawesi Utara,uc,0.001561831
2022,Sulawesi Utara,vulnerable,0.20248360794856515
2022,Sumatera Barat,amc,0.5497947826502934
2022,Sumatera Barat,mc,0.1103665984205924
2022,Sumatera Barat,poor,0.059233338
2022,Sumatera Barat,uc,0.00110669
2022,Sumatera Barat,vulnerable,0.27949859119271586
2022,Sumatera Selatan,amc,0.4674643317962426
2022,Sumatera Selatan,mc,0.16925367173409975
2022,Sumatera Selatan,poor,0.11901249034360675
2022,Sumatera Selatan,uc,0.000706007
2022,Sumatera Selatan,vulnerable,0.24356349928394683
2022,Sumatera Utara,amc,0.5320057391698104
2022,Sumatera Utara,mc,0.10235881709315754
2022,Sumatera Utara,poor,0.084159745
2022,Sumatera Utara,uc,0.001227947
2022,Sumatera Utara,vulnerable,0.280247751
2023,Aceh,amc,0.4895967532985211
2023,Aceh,mc,0.081270232
2023,Aceh,poor,0.14451842574029208
2023,Aceh,uc,0.000125002
2023,Aceh,vulnerable,0.2844895865367829
2023,Bali,amc,0.5286108160878527
2023,Bali,mc,0.2925552362572619
2023,Bali,poor,0.042518586
2023,Bali,uc,0.004684481
2023,Bali,vulnerable,0.13163088077073776
2023,Banten,amc,0.5615512376206897
2023,Banten,mc,0.19531037886998096
2023,Banten,poor,0.061729527
2023,Banten,uc,0.004525826
2023,Banten,vulnerable,0.17688303076867345
2023,Bengkulu,amc,0.44988713541793207
2023,Bengkulu,mc,0.10088382403903813
2023,Bengkulu,poor,0.14043211298202413
2023,Bengkulu,uc,0.001555241
2023,Bengkulu,vulnerable,0.30724168678671937
2023,DI Yogyakarta,amc,0.4441622683418258
2023,DI Yogyakarta,mc,0.19931282849186116
2023,DI Yogyakarta,poor,0.11043770051273226
2023,DI Yogyakarta,uc,0.007759139
2023,DI Yogyakarta,vulnerable,0.23832806336381182
2023,DKI Jakarta,amc,0.5212049405717699
2023,DKI Jakarta,mc,0.26092592466736775
2023,DKI Jakarta,poor,0.044410812
2023,DKI Jakarta,uc,0.016001506
2023,DKI Jakarta,vulnerable,0.15745681739872056
2023,Gorontalo,amc,0.3946494850293506
2023,Gorontalo,mc,0.22840882643921415
2023,Gorontalo,poor,0.1515460680652221
2023,Gorontalo,uc,0.004193402
2023,Gorontalo,vulnerable,0.22120221804169782
2023,Jambi,amc,0.5229218215707082
2023,Jambi,mc,0.13621799950428418
2023,Jambi,poor,0.075770423
2023,Jambi,uc,0.003229406
2023,Jambi,vulnerable,0.26186034966583466
2023,Jawa Barat,amc,0.47902913103682565
2023,Jawa Barat,mc,0.22985299463066106
2023,Jawa Barat,poor,0.076189536
2023,Jawa Barat,uc,0.010147026567931724
2023,Jawa Barat,vulnerable,0.2047813118048596
2023,Jawa Tengah,amc,0.48021108711114713
2023,Jawa Tengah,mc,0.1679911101151543
2023,Jawa Tengah,poor,0.10766345351264285
2023,Jawa Tengah,uc,0.003104243
2023,Jawa Tengah,vulnerable,0.24103010603747144
2023,Jawa Timur,amc,0.4707006038991697
2023,Jawa Timur,mc,0.16925362541586594
2023,Jawa Timur,poor,0.10346502389192098
2023,Jawa Timur,uc,0.003949043
2023,Jawa Timur,vulnerable,0.25263170421033304
2023,Kalimantan Barat,amc,0.5636249445112399
2023,Kalimantan Barat,mc,0.13360540311705607
2023,Kalimantan Barat,poor,0.067144649
2023,Kalimantan Barat,uc,0.001342322
2023,Kalimantan Barat,vulnerable,0.23428268105964964
2023,Kalimantan Selatan,amc,0.5672048594053756
2023,Kalimantan Selatan,mc,0.14564298751927732
2023,Kalimantan Selatan,poor,0.042860852705100226
2023,Kalimantan Selatan,uc,0.001202096
2023,Kalimantan Selatan,vulnerable,0.24308920423173122
2023,Kalimantan Tengah,amc,0.5406936233108525
2023,Kalimantan Tengah,mc,0.18851367774159702
2023,Kalimantan Tengah,poor,0.051065919
2023,Kalimantan Tengah,uc,0.002028687
2023,Kalimantan Tengah,vulnerable,0.2176980927023386
2023,Kalimantan Timur,amc,0.5610547672487889
2023,Kalimantan Timur,mc,0.16230532283572466
2023,Kalimantan Timur,poor,0.06105272
2023,Kalimantan Timur,uc,0.001180221
2023,Kalimantan Timur,vulnerable,0.2144069688152907
2023,Kalimantan Utara,amc,0.5443172293461959
2023,Kalimantan Utara,mc,0.088884982
2023,Kalimantan Utara,poor,0.064486829
2023,Kalimantan Utara,uc,0.000109024
2023,Kalimantan Utara,vulnerable,0.3022019356870482
2023,Kepulauan Bangka Belitung,amc,0.5778694951097093
2023,Kepulauan Bangka Belitung,mc,0.063778416
2023,Kepulauan Bangka Belitung,poor,0.045187637657334065
2023,Kepulauan Bangka Belitung,uc,0.000159674
2023,Kepulauan Bangka Belitung,vulnerable,0.3130047773808628
2023,Kepulauan Riau,amc,0.5498002586044238
2023,Kepulauan Riau,mc,0.18861422426808255
2023,Kepulauan Riau,poor,0.056929738751591484
2023,Kepulauan Riau,uc,0.001247505
2023,Kepulauan Riau,vulnerable,0.20340827350696422
2023,Lampung,amc,0.484192106
2023,Lampung,mc,0.10558864606574357
2023,Lampung,poor,0.11110301133273909
2023,Lampung,uc,0.001790995
2023,Lampung,vulnerable,0.29732524088388557
2023,Maluku,amc,0.4785743525826943
2023,Maluku,mc,0.05626056
2023,Maluku,poor,0.16418675907084918
2023,Maluku,uc,0.000339383
2023,Maluku,vulnerable,0.3006389451115047
2023,Maluku Utara,amc,0.5885085435036004
2023,Maluku Utara,mc,0.1382921508542154
2023,Maluku Utara,poor,0.064573097
2023,Maluku Utara,uc,0.001239168
2023,Maluku Utara,vulnerable,0.20738704015363985
2023,Nusa Tenggara Barat,amc,0.44121990623085483
2023,Nusa Tenggara Barat,mc,0.18908153060957694
2023,Nusa Tenggara Barat,poor,0.13851395434866587
2023,Nusa Tenggara Barat,uc,0.002728433
2023,Nusa Tenggara Barat,vulnerable,0.22845617608249702
2023,Nusa Tenggara Timur,amc,0.40472517062943647
2023,Nusa Tenggara Timur,mc,0.086005638
2023,Nusa Tenggara Timur,poor,0.1995777147779102
2023,Nusa Tenggara Timur,uc,0.000525053
2023,Nusa Tenggara Timur,vulnerable,0.3091664237256067
2023,Papua,amc,0.40992403557420287
2023,Papua,mc,0.15604139912424048
2023,Papua,poor,0.2602920836400417
2023,Papua,uc,0.000580109
2023,Papua,vulnerable,0.17316237228143108
2023,Papua Barat,amc,0.44818416820731505
2023,Papua Barat,mc,0.1401223010425167
2023,Papua Barat,poor,0.20491996398441809
2023,Papua Barat,uc,0.001194389
2023,Papua Barat,vulnerable,0.20557917756676336
2023,Riau,amc,0.5577508198479368
2023,Riau,mc,0.12032872875201006
2023,Riau,poor,0.066830595
2023,Riau,uc,0.001610172
2023,Riau,vulnerable,0.2534796840827768
2023,Sulawesi Barat,amc,0.4913172271248321
2023,Sulawesi Barat,mc,0.14384720385061062
2023,Sulawesi Barat,poor,0.11488878131244967
2023,Sulawesi Barat,uc,0.003308956
2023,Sulawesi Barat,vulnerable,0.24663783131598074
2023,Sulawesi Selatan,amc,0.46898139730589733
2023,Sulawesi Selatan,mc,0.24726056547031347
2023,Sulawesi Selatan,poor,0.08696612
2023,Sulawesi Selatan,uc,0.003655616
2023,Sulawesi Selatan,vulnerable,0.1931363010735255
2023,Sulawesi Tengah,amc,0.5102560459701826
2023,Sulawesi Tengah,mc,0.095768163
2023,Sulawesi Tengah,poor,0.12408361410393838
2023,Sulawesi Tengah,uc,0.00064266
2023,Sulawesi Tengah,vulnerable,0.26924951682557285
2023,Sulawesi Tenggara,amc,0.4541829936614327
2023,Sulawesi Tenggara,mc,0.21156243179962303
2023,Sulawesi Tenggara,poor,0.11431662144521845
2023,Sulawesi Tenggara,uc,0.003432658
2023,Sulawesi Tenggara,vulnerable,0.21650529491179607
2023,Sulawesi Utara,amc,0.4701745286918119
2023,Sulawesi Utara,mc,0.24413709971439718
2023,Sulawesi Utara,poor,0.073805542
2023,Sulawesi Utara,uc,0.002763904
2023,Sulawesi Utara,vulnerable,0.20911892553642916
2023,Sumatera Barat,amc,0.5720301633857545
2023,Sumatera Barat,mc,0.089201464
2023,Sumatera Barat,poor,0.059471726
2023,Sumatera Barat,uc,0.000948478
2023,Sumatera Barat,vulnerable,0.2783481681377522
2023,Sumatera Selatan,amc,0.46427764018108314
2023,Sumatera Selatan,mc,0.1500567921375419
2023,Sumatera Selatan,poor,0.11778961209730802
2023,Sumatera Selatan,uc,0.000948696
2023,Sumatera Selatan,vulnerable,0.26692725983429855
2023,Sumatera Utara,amc,0.5479876049836712
2023,Sumatera Utara,mc,0.10089114863185733
2023,Sumatera Utara,poor,0.081452576
2023,Sumatera Utara,uc,0.001592331
2023,Sumatera Utara,vulnerable,0.26807633950290205
2024,Aceh,amc,0.4819920804383249
2024,Aceh,mc,0.072309849
2024,Aceh,poor,0.1423412636448336
2024,Aceh,uc,0.00020139
2024,Aceh,vulnerable,0.3031554173717791
2024,Bali,amc,0.47819975218632127
2024,Bali,mc,0.32179034151277625
2024,Bali,poor,0.040009825462505304
2024,Bali,uc,0.005929168
2024,Bali,vulnerable,0.15407091234525713
2024,Banten,amc,0.5332653855356534
2024,Banten,mc,0.19087516307691274
2024,Banten,poor,0.058391473
2024,Banten,uc,0.003236662
2024,Banten,vulnerable,0.21423131630328698
2024,Bengkulu,amc,0.47329989344728696
2024,Bengkulu,mc,0.091920279
2024,Bengkulu,poor,0.13559258226822496
2024,Bengkulu,uc,0.001761706
2024,Bengkulu,vulnerable,0.2974255385112161
2024,DI Yogyakarta,amc,0.44168720536134937
2024,DI Yogyakarta,mc,0.20292962515491925
2024,DI Yogyakarta,poor,0.10832167779417991
2024,DI Yogyakarta,uc,0.007074371
2024,DI Yogyakarta,vulnerable,0.23998712087088636
2024,DKI Jakarta,amc,0.5165386882937352
2024,DKI Jakarta,mc,0.2541196773888681
2024,DKI Jakarta,poor,0.042968591092786314
2024,DKI Jakarta,uc,0.011820161
2024,DKI Jakarta,vulnerable,0.1745528819513074
2024,Gorontalo,amc,0.3970464709950883
2024,Gorontalo,mc,0.2127922477995026
2024,Gorontalo,poor,0.14573172208959198
2024,Gorontalo,uc,0.00387462
2024,Gorontalo,vulnerable,0.2405549390470623
2024,Jambi,amc,0.5294186170711858
2024,Jambi,mc,0.12653729330231472
2024,Jambi,poor,0.070980208
2024,Jambi,uc,0.00211594
2024,Jambi,vulnerable,0.2709479415771128
2024,Jawa Barat,amc,0.4695257089985126
2024,Jawa Barat,mc,0.2322677534480107
2024,Jawa Barat,poor,0.074631924
2024,Jawa Barat,uc,0.009414327
2024,Jawa Barat,vulnerable,0.2141602858906987
2024,Jawa Tengah,amc,0.4817003151195116
2024,Jawa Tengah,mc,0.16575132160206396
2024,Jawa Tengah,poor,0.10470240890981534
2024,Jawa Tengah,uc,0.003086209
2024,Jawa Tengah,vulnerable,0.244759745
2024,Jawa Timur,amc,0.47744643520716573
2024,Jawa Timur,mc,0.16600717612134283
2024,Jawa Timur,poor,0.097949525
2024,Jawa Timur,uc,0.002667552
2024,Jawa Timur,vulnerable,0.2559293110845958
2024,Kalimantan Barat,amc,0.5724251030381793
2024,Kalimantan Barat,mc,0.11918221558638921
2024,Kalimantan Barat,poor,0.063193198
2024,Kalimantan Barat,uc,0.000875734
2024,Kalimantan Barat,vulnerable,0.24432374985548713
2024,Kalimantan Selatan,amc,0.5871858869223023
2024,Kalimantan Selatan,mc,0.1458626246904081
2024,Kalimantan Selatan,poor,0.041122478
2024,Kalimantan Selatan,uc,0.001021022
2024,Kalimantan Selatan,vulnerable,0.22480798856264644
2024,Kalimantan Tengah,amc,0.588689345
2024,Kalimantan Tengah,mc,0.1876780246742859
2024,Kalimantan Tengah,poor,0.051663762
2024,Kalimantan Tengah,uc,0.000931904
2024,Kalimantan Tengah,vulnerable,0.17103696353751324
2024,Kalimantan Timur,amc,0.5631765476924605
2024,Kalimantan Timur,mc,0.14445231888771476
2024,Kalimantan Timur,poor,0.057831331
2024,Kalimantan Timur,uc,0.000498605
2024,Kalimantan Timur,vulnerable,0.23404119793071934
2024,Kalimantan Utara,amc,0.496452805
2024,Kalimantan Utara,mc,0.079851547
2024,Kalimantan Utara,poor,0.063187309
2024,Kalimantan Utara,uc,1.5581523988997383e-05
2024,Kalimantan Utara,vulnerable,0.3604927575553437
2024,Kepulauan Bangka Belitung,amc,0.5931511065343593
2024,Kepulauan Bangka Belitung,mc,0.058427665
2024,Kepulauan Bangka Belitung,poor,0.045481639
2024,Kepulauan Bangka Belitung,uc,0.001070877
2024,Kepulauan Bangka Belitung,vulnerable,0.30186871360354645
2024,Kepulauan Riau,amc,0.5568714282562249
2024,Kepulauan Riau,mc,0.18179118338459566
2024,Kepulauan Riau,poor,0.053691142
2024,Kepulauan Riau,uc,0.002115927
2024,Kepulauan Riau,vulnerable,0.20553031915898257
2024,Lampung,amc,0.5023268348670815
2024,Lampung,mc,0.088114265
2024,Lampung,poor,0.10687756146008995
2024,Lampung,uc,0.001479474
2024,Lampung,vulnerable,0.3012018640166243
2024,Maluku,amc,0.44907190493043925
2024,Maluku,mc,0.059163657
2024,Maluku,poor,0.16049270309502928
2024,Maluku,uc,0.000113078
2024,Maluku,vulnerable,0.33115865615492673
2024,Maluku Utara,amc,0.5755917320527463
2024,Maluku Utara,mc,0.14568474831437073
2024,Maluku Utara,poor,0.063228092
2024,Maluku Utara,uc,0.001837324
2024,Maluku Utara,vulnerable,0.21365810428920576
2024,Nusa Tenggara Barat,amc,0.42693930812547887
2024,Nusa Tenggara Barat,mc,0.1750921483557903
2024,Nusa Tenggara Barat,poor,0.12905554027462146
2024,Nusa Tenggara Barat,uc,0.001422256
2024,Nusa Tenggara Barat,vulnerable,0.267490747
2024,Nusa Tenggara Timur,amc,0.41169946481103353
2024,Nusa Tenggara Timur,mc,0.078662791
2024,Nusa Tenggara Timur,poor,0.19475510610349261
2024,Nusa Tenggara Timur,uc,0.000130043
2024,Nusa Tenggara Timur,vulnerable,0.3147525955593914
2024,Papua,amc,0.47282533176686964
2024,Papua,mc,0.16282598468693968
2024,Papua,poor,0.1726351095692662
2024,Papua,uc,0.000229768
2024,Papua,vulnerable,0.19148380609171298
2024,Papua Barat,amc,0.36158395407438615
2024,Papua Barat,mc,0.13297929101116604
2024,Papua Barat,poor,0.21661867126654177
2024,Papua Barat,uc,0.001182203
2024,Papua Barat,vulnerable,0.2876358809032351
2024,Papua Barat Daya,amc,0.47253896002530926
2024,Papua Barat Daya,mc,0.1302098485569991
2024,Papua Barat Daya,poor,0.18131489112732344
2024,Papua Barat Daya,uc,0.00061837
2024,Papua Barat Daya,vulnerable,0.21531792987937845
2024,Papua Pegunungan,amc,0.3151329293594365
2024,Papua Pegunungan,mc,0.092304007
2024,Papua Pegunungan,poor,0.32965374823322535
2024,Papua Pegunungan,uc,1.9111853139610834e-05
2024,Papua Pegunungan,vulnerable,0.2628902037861247
2024,Papua Selatan,amc,0.44666525696211695
2024,Papua Selatan,mc,0.2277176733374259
2024,Papua Selatan,poor,0.1743871536538853
2024,Papua Selatan,uc,0.002858661
2024,Papua Selatan,vulnerable,0.1483712550200216
2024,Papua Tengah,amc,0.37738396060367185
2024,Papua Tengah,mc,0.11620638787730891
2024,Papua Tengah,poor,0.29764103795332436
2024,Papua Tengah,uc,0.000557384
2024,Papua Tengah,vulnerable,0.20821122998579333
2024,Riau,amc,0.5488262736037288
2024,Riau,mc,0.11688392013249718
2024,Riau,poor,0.06668689
2024,Riau,uc,0.000629781
2024,Riau,vulnerable,0.26697313544211776
2024,Sulawesi Barat,amc,0.5118512353671337
2024,Sulawesi Barat,mc,0.13780137305412604
2024,Sulawesi Barat,poor,0.11212003202273335
2024,Sulawesi Barat,uc,0.003362074
2024,Sulawesi Barat,vulnerable,0.2348652855963415
2024,Sulawesi Selatan,amc,0.46887421633475734
2024,Sulawesi Selatan,mc,0.24690160688740748
2024,Sulawesi Selatan,poor,0.080626463
2024,Sulawesi Selatan,uc,0.002672054
2024,Sulawesi Selatan,vulnerable,0.2009256599227222
2024,Sulawesi Tengah,amc,0.5092598501884007
2024,Sulawesi Tengah,mc,0.092992724
2024,Sulawesi Tengah,poor,0.11768391223770718
2024,Sulawesi Tengah,uc,0.00049721
2024,Sulawesi Tengah,vulnerable,0.27956630359083995
2024,Sulawesi Tenggara,amc,0.46977858999923144
2024,Sulawesi Tenggara,mc,0.21322629939469145
2024,Sulawesi Tenggara,poor,0.11208771883091577
2024,Sulawesi Tenggara,uc,0.002619678
2024,Sulawesi Tenggara,vulnerable,0.20228771327561304
2024,Sulawesi Utara,amc,0.49716826
2024,Sulawesi Utara,mc,0.23569776903399592
2024,Sulawesi Utara,poor,0.072508366
2024,Sulawesi Utara,uc,0.00332126
2024,Sulawesi Utara,vulnerable,0.19130434583834585
2024,Sumatera Barat,amc,0.5462942161544231
2024,Sumatera Barat,mc,0.090730392
2024,Sumatera Barat,poor,0.059749564
2024,Sumatera Barat,uc,0.000805882
2024,Sumatera Barat,vulnerable,0.3024199462869449
2024,Sumatera Selatan,amc,0.47585098685320365
2024,Sumatera Selatan,mc,0.15810890509432388
2024,Sumatera Selatan,poor,0.1096575174919812
2024,Sumatera Selatan,uc,0.000680357
2024,Sumatera Selatan,vulnerable,0.25570223331135616
2024,Sumatera Utara,amc,0.5375224902279181
2024,Sumatera Utara,mc,0.090211966
2024,Sumatera Utara,poor,0.079903749
2024,Sumatera Utara,uc,0.000673235
2024,Sumatera Utara,vulnerable,0.29168855931179744
2014,Papua Barat Daya,poor,0
2014,Papua Barat Daya,vulnerable,0
2014,Papua Barat Daya,amc,0
2014,Papua Barat Daya,mc,0
2014,Papua Barat Daya,uc,0
2014,Kalimantan Utara,poor,0
2014,Kalimantan Utara,vulnerable,0
2014,Kalimantan Utara,amc,0
2014,Kalimantan Utara,mc,0
2014,Kalimantan Utara,uc,0
2014,Papua Pegunungan,poor,0
2014,Papua Pegunungan,vulnerable,0
2014,Papua Pegunungan,amc,0
2014,Papua Pegunungan,mc,0
2014,Papua Pegunungan,uc,0
2014,Papua Selatan,poor,0
2014,Papua Selatan,vulnerable,0
2014,Papua Selatan,amc,0
2014,Papua Selatan,mc,0
2014,Papua Selatan,uc,0
2014,Papua Tengah,poor,0
2014,Papua Tengah,vulnerable,0
2014,Papua Tengah,amc,0
2014,Papua Tengah,mc,0
2014,Papua Tengah,uc,0
2015,Papua Barat Daya,poor,0
2015,Papua Barat Daya,vulnerable,0
2015,Papua Barat Daya,amc,0
2015,Papua Barat Daya,mc,0
2015,Papua Barat Daya,uc,0
2015,Papua Tengah,poor,0
2015,Papua Tengah,vulnerable,0
2015,Papua Tengah,amc,0
2015,Papua Tengah,mc,0
2015,Papua Tengah,uc,0
2015,Papua Selatan,poor,0
2015,Papua Selatan,vulnerable,0
2015,Papua Selatan,amc,0
2015,Papua Selatan,mc,0
2015,Papua Selatan,uc,0
2015,Papua Pegunungan,poor,0
2015,Papua Pegunungan,vulnerable,0
2015,Papua Pegunungan,amc,0
2015,Papua Pegunungan,mc,0
2015,Papua Pegunungan,uc,0
2016,Papua Barat Daya,poor,0
2016,Papua Barat Daya,vulnerable,0
2016,Papua Barat Daya,amc,0
2016,Papua Barat Daya,mc,0
2016,Papua Barat Daya,uc,0
2016,Papua Tengah,poor,0
2016,Papua Tengah,vulnerable,0
2016,Papua Tengah,amc,0
2016,Papua Tengah,mc,0
2016,Papua Tengah,uc,0
2016,Papua Selatan,poor,0
2016,Papua Selatan,vulnerable,0
2016,Papua Selatan,amc,0
2016,Papua Selatan,mc,0
2016,Papua Selatan,uc,0
2016,Papua Pegunungan,poor,0
2016,Papua Pegunungan,vulnerable,0
2016,Papua Pegunungan,amc,0
2016,Papua Pegunungan,mc,0
2016,Papua Pegunungan,uc,0
2017,Papua Barat Daya,poor,0
2017,Papua Barat Daya,vulnerable,0
2017,Papua Barat Daya,amc,0
2017,Papua Barat Daya,mc,0
2017,Papua Barat Daya,uc,0
2017,Papua Tengah,poor,0
2017,Papua Tengah,vulnerable,0
2017,Papua Tengah,amc,0
2017,Papua Tengah,mc,0
2017,Papua Tengah,uc,0
2017,Papua Selatan,poor,0
2017,Papua Selatan,vulnerable,0
2017,Papua Selatan,amc,0
2017,Papua Selatan,mc,0
2017,Papua Selatan,uc,0
2017,Papua Pegunungan,poor,0
2017,Papua Pegunungan,vulnerable,0
2017,Papua Pegunungan,amc,0
2017,Papua Pegunungan,mc,0
2017,Papua Pegunungan,uc,0
2018,Papua Barat Daya,poor,0
2018,Papua Barat Daya,vulnerable,0
2018,Papua Barat Daya,amc,0
2018,Papua Barat Daya,mc,0
2018,Papua Barat Daya,uc,0
2018,Papua Tengah,poor,0
2018,Papua Tengah,vulnerable,0
2018,Papua Tengah,amc,0
2018,Papua Tengah,mc,0
2018,Papua Tengah,uc,0
2018,Papua Selatan,poor,0
2018,Papua Selatan,vulnerable,0
2018,Papua Selatan,amc,0
2018,Papua Selatan,mc,0
2018,Papua Selatan,uc,0
2018,Papua Pegunungan,poor,0
2018,Papua Pegunungan,vulnerable,0
2018,Papua Pegunungan,amc,0
2018,Papua Pegunungan,mc,0
2018,Papua Pegunungan,uc,0
2019,Papua Barat Daya,poor,0
2019,Papua Barat Daya,vulnerable,0
2019,Papua Barat Daya,amc,0
2019,Papua Barat Daya,mc,0
2019,Papua Barat Daya,uc,0
2019,Papua Tengah,poor,0
2019,Papua Tengah,vulnerable,0
2019,Papua Tengah,amc,0
2019,Papua Tengah,mc,0
2019,Papua Tengah,uc,0
2019,Papua Selatan,poor,0
2019,Papua Selatan,vulnerable,0
2019,Papua Selatan,amc,0
2019,Papua Selatan,mc,0
2019,Papua Selatan,uc,0
2019,Papua Pegunungan,poor,0
2019,Papua Pegunungan,vulnerable,0
2019,Papua Pegunungan,amc,0
2019,Papua Pegunungan,mc,0
2019,Papua Pegunungan,uc,0
2020,Papua Barat Daya,poor,0
2020,Papua Barat Daya,vulnerable,0
2020,Papua Barat Daya,amc,0
2020,Papua Barat Daya,mc,0
2020,Papua Barat Daya,uc,0
2020,Papua Tengah,poor,0
2020,Papua Tengah,vulnerable,0
2020,Papua Tengah,amc,0
2020,Papua Tengah,mc,0
2020,Papua Tengah,uc,0
2020,Papua Selatan,poor,0
2020,Papua Selatan,vulnerable,0
2020,Papua Selatan,amc,0
2020,Papua Selatan,mc,0
2020,Papua Selatan,uc,0
2020,Papua Pegunungan,poor,0
2020,Papua Pegunungan,vulnerable,0
2020,Papua Pegunungan,amc,0
2020,Papua Pegunungan,mc,0
2020,Papua Pegunungan,uc,0
2021,Papua Barat Daya,poor,0
2021,Papua Barat Daya,vulnerable,0
2021,Papua Barat Daya,amc,0
2021,Papua Barat Daya,mc,0
2021,Papua Barat Daya,uc,0
2021,Papua Tengah,poor,0
2021,Papua Tengah,vulnerable,0
2021,Papua Tengah,amc,0
2021,Papua Tengah,mc,0
2021,Papua Tengah,uc,0
2021,Papua Selatan,poor,0
2021,Papua Selatan,vulnerable,0
2021,Papua Selatan,amc,0
2021,Papua Selatan,mc,0
2021,Papua Selatan,uc,0
2021,Papua Pegunungan,poor,0
2021,Papua Pegunungan,vulnerable,0
2021,Papua Pegunungan,amc,0
2021,Papua Pegunungan,mc,0
2021,Papua Pegunungan,uc,0
2022,Papua Barat Daya,poor,0
2022,Papua Barat Daya,vulnerable,0
2022,Papua Barat Daya,amc,0
2022,Papua Barat Daya,mc,0
2022,Papua Barat Daya,uc,0
2022,Papua Tengah,poor,0
2022,Papua Tengah,vulnerable,0
2022,Papua Tengah,amc,0
2022,Papua Tengah,mc,0
2022,Papua Tengah,uc,0
2022,Papua Selatan,poor,0
2022,Papua Selatan,vulnerable,0
2022,Papua Selatan,amc,0
2022,Papua Selatan,mc,0
2022,Papua Selatan,uc,0
2022,Papua Pegunungan,poor,0
2022,Papua Pegunungan,vulnerable,0
2022,Papua Pegunungan,amc,0
2022,Papua Pegunungan,mc,0
2022,Papua Pegunungan,uc,0
2023,Papua Barat Daya,poor,0
2023,Papua Barat Daya,vulnerable,0
2023,Papua Barat Daya,amc,0
2023,Papua Barat Daya,mc,0
2023,Papua Barat Daya,uc,0
2023,Papua Tengah,poor,0
2023,Papua Tengah,vulnerable,0
2023,Papua Tengah,amc,0
2023,Papua Tengah,mc,0
2023,Papua Tengah,uc,0
2023,Papua Selatan,poor,0
2023,Papua Selatan,vulnerable,0
2023,Papua Selatan,amc,0
2023,Papua Selatan,mc,0
2023,Papua Selatan,uc,0
2023,Papua Pegunungan,poor,0
2023,Papua Pegunungan,vulnerable,0
2023,Papua Pegunungan,amc,0
2023,Papua Pegunungan,mc,0
2023,Papua Pegunungan,uc,0
2014,Papua Barat Daya,amc,0
2014,Papua Barat Daya,mc,0
2014,Papua Barat Daya,vulnerable,0
2014,Papua Barat Daya,poor,0
2014,Papua Barat Daya,uc,0
2015,Papua Barat Daya,amc,0
2015,Papua Barat Daya,mc,0
2015,Papua Barat Daya,vulnerable,0
2015,Papua Barat Daya,poor,0
2015,Papua Barat Daya,uc,0
2016,Papua Barat Daya,amc,0
2016,Papua Barat Daya,mc,0
2016,Papua Barat Daya,vulnerable,0
2016,Papua Barat Daya,poor,0
2016,Papua Barat Daya,uc,0
2017,Papua Barat Daya,amc,0
2017,Papua Barat Daya,mc,0
2017,Papua Barat Daya,vulnerable,0
2017,Papua Barat Daya,poor,0
2017,Papua Barat Daya,uc,0
2018,Papua Barat Daya,amc,0
2018,Papua Barat Daya,mc,0
2018,Papua Barat Daya,vulnerable,0
2018,Papua Barat Daya,poor,0
2018,Papua Barat Daya,uc,0
2019,Papua Barat Daya,amc,0
2019,Papua Barat Daya,mc,0
2019,Papua Barat Daya,vulnerable,0
2019,Papua Barat Daya,poor,0
2019,Papua Barat Daya,uc,0
2020,Papua Barat Daya,amc,0
2020,Papua Barat Daya,mc,0
2020,Papua Barat Daya,vulnerable,0
2020,Papua Barat Daya,poor,0
2020,Papua Barat Daya,uc,0
2021,Papua Barat Daya,amc,0
2021,Papua Barat Daya,mc,0
2021,Papua Barat Daya,vulnerable,0
2021,Papua Barat Daya,poor,0
2021,Papua Barat Daya,uc,0
2022,Papua Barat Daya,amc,0
2022,Papua Barat Daya,mc,0
2022,Papua Barat Daya,vulnerable,0
2022,Papua Barat Daya,poor,0
2022,Papua Barat Daya,uc,0
2023,Papua Barat Daya,amc,0
2023,Papua Barat Daya,mc,0
2023,Papua Barat Daya,vulnerable,0
2023,Papua Barat Daya,poor,0
2023,Papua Barat Daya,uc,0
2014,Papua Pegunungan,amc,0
2014,Papua Pegunungan,mc,0
2014,Papua Pegunungan,vulnerable,0
2014,Papua Pegunungan,poor,0
2014,Papua Pegunungan,uc,0
2015,Papua Pegunungan,amc,0
2015,Papua Pegunungan,mc,0
2015,Papua Pegunungan,vulnerable,0
2015,Papua Pegunungan,poor,0
2015,Papua Pegunungan,uc,0
2016,Papua Pegunungan,amc,0
2016,Papua Pegunungan,mc,0
2016,Papua Pegunungan,vulnerable,0
2016,Papua Pegunungan,poor,0
2016,Papua Pegunungan,uc,0
2017,Papua Pegunungan,amc,0
2017,Papua Pegunungan,mc,0
2017,Papua Pegunungan,vulnerable,0
2017,Papua Pegunungan,poor,0
2017,Papua Pegunungan,uc,0
2018,Papua Pegunungan,amc,0
2018,Papua Pegunungan,mc,0
2018,Papua Pegunungan,vulnerable,0
2018,Papua Pegunungan,poor,0
2018,Papua Pegunungan,uc,0
2019,Papua Pegunungan,amc,0
2019,Papua Pegunungan,mc,0
2019,Papua Pegunungan,vulnerable,0
2019,Papua Pegunungan,poor,0
2019,Papua Pegunungan,uc,0
2020,Papua Pegunungan,amc,0
2020,Papua Pegunungan,mc,0
2020,Papua Pegunungan,vulnerable,0
2020,Papua Pegunungan,poor,0
2020,Papua Pegunungan,uc,0
2021,Papua Pegunungan,amc,0
2021,Papua Pegunungan,mc,0
2021,Papua Pegunungan,vulnerable,0
2021,Papua Pegunungan,poor,0
2021,Papua Pegunungan,uc,0
2022,Papua Pegunungan,amc,0
2022,Papua Pegunungan,mc,0
2022,Papua Pegunungan,vulnerable,0
2022,Papua Pegunungan,poor,0
2022,Papua Pegunungan,uc,0
2023,Papua Pegunungan,amc,0
2023,Papua Pegunungan,mc,0
2023,Papua Pegunungan,vulnerable,0
2023,Papua Pegunungan,poor,0
2023,Papua Pegunungan,uc,0
2014,Papua Selatan,amc,0
2014,Papua Selatan,mc,0
2014,Papua Selatan,vulnerable,0
2014,Papua Selatan,poor,0
2014,Papua Selatan,uc,0
2015,Papua Selatan,amc,0
2015,Papua Selatan,mc,0
2015,Papua Selatan,vulnerable,0
2015,Papua Selatan,poor,0
2015,Papua Selatan,uc,0
2016,Papua Selatan,amc,0
2016,Papua Selatan,mc,0
2016,Papua Selatan,vulnerable,0
2016,Papua Selatan,poor,0
2016,Papua Selatan,uc,0
2017,Papua Selatan,amc,0
2017,Papua Selatan,mc,0
2017,Papua Selatan,vulnerable,0
2017,Papua Selatan,poor,0
2017,Papua Selatan,uc,0
2018,Papua Selatan,amc,0
2018,Papua Selatan,mc,0
2018,Papua Selatan,vulnerable,0
2018,Papua Selatan,poor,0
2018,Papua Selatan,uc,0
2019,Papua Selatan,amc,0
2019,Papua Selatan,mc,0
2019,Papua Selatan,vulnerable,0
2019,Papua Selatan,poor,0
2019,Papua Selatan,uc,0
2020,Papua Selatan,amc,0
2020,Papua Selatan,mc,0
2020,Papua Selatan,vulnerable,0
2020,Papua Selatan,poor,0
2020,Papua Selatan,uc,0
2021,Papua Selatan,amc,0
2021,Papua Selatan,mc,0
2021,Papua Selatan,vulnerable,0
2021,Papua Selatan,poor,0
2021,Papua Selatan,uc,0
2022,Papua Selatan,amc,0
2022,Papua Selatan,mc,0
2022,Papua Selatan,vulnerable,0
2022,Papua Selatan,poor,0
2022,Papua Selatan,uc,0
2023,Papua Selatan,amc,0
2023,Papua Selatan,mc,0
2023,Papua Selatan,vulnerable,0
2023,Papua Selatan,poor,0
2023,Papua Selatan,uc,0
2014,Papua Tengah,amc,0
2014,Papua Tengah,mc,0
2014,Papua Tengah,vulnerable,0
2014,Papua Tengah,poor,0
2014,Papua Tengah,uc,0
2015,Papua Tengah,amc,0
2015,Papua Tengah,mc,0
2015,Papua Tengah,vulnerable,0
2015,Papua Tengah,poor,0
2015,Papua Tengah,uc,0
2016,Papua Tengah,amc,0
2016,Papua Tengah,mc,0
2016,Papua Tengah,vulnerable,0
2016,Papua Tengah,poor,0
2016,Papua Tengah,uc,0
2017,Papua Tengah,amc,0
2017,Papua Tengah,mc,0
2017,Papua Tengah,vulnerable,0
2017,Papua Tengah,poor,0
2017,Papua Tengah,uc,0
2018,Papua Tengah,amc,0
2018,Papua Tengah,mc,0
2018,Papua Tengah,vulnerable,0
2018,Papua Tengah,poor,0
2018,Papua Tengah,uc,0
2019,Papua Tengah,amc,0
2019,Papua Tengah,mc,0
2019,Papua Tengah,vulnerable,0
2019,Papua Tengah,poor,0
2019,Papua Tengah,uc,0
2020,Papua Tengah,amc,0
2020,Papua Tengah,mc,0
2020,Papua Tengah,vulnerable,0
2020,Papua Tengah,poor,0
2020,Papua Tengah,uc,0
2021,Papua Tengah,amc,0
2021,Papua Tengah,mc,0
2021,Papua Tengah,vulnerable,0
2021,Papua Tengah,poor,0
2021,Papua Tengah,uc,0
2022,Papua Tengah,amc,0
2022,Papua Tengah,mc,0
2022,Papua Tengah,vulnerable,0
2022,Papua Tengah,poor,0
2022,Papua Tengah,uc,0
2023,Papua Tengah,amc,0
2023,Papua Tengah,mc,0
2023,Papua Tengah,vulnerable,0
2023,Papua Tengah,poor,0
2023,Papua Tengah,uc,0
